Station Name,ID,Lat,Lon,GLOSS ID,Country,Date,Coastline,Station,Sea Level
REYKJAVIK,638,64.151,-21.94,229,ISL,29/10/2024,10,1,2.291916667
GRINDAVIK,877,63.833,-22.433,,ISL,1/1/1980,10,11,2.06
TORSHAVN,839,62.017,-6.767,237,FRO,30/10/2007,15,11,0.181
BARENTSBURG,541,78.067,14.25,231,SJM,19/09/2024,25,1,1.033
BARENTSBURG II (SPITSBERGEN),547,78.067,14.25,231,SJM,14/08/2019,25,2,0.04
NY-ALESUND,1421,78.929,11.938,345,SJM,9/1/2025,25,21,1.710083333
RUSSKAYA GAVAN,711,76.2,62.583,99,RUS,12/7/1994,30,1,0.92
RUSSKAIA GAVAN II,710,76.183,62.583,99,RUS,17/01/2003,30,3,-0.17
BELYI NOS,859,69.6,60.217,,RUS,17/01/2003,30,7,0.13
BUGRINO,2025,68.8,49.333,,RUS,20/07/2010,30,10,4.87
KRENKELIA (HEISA OSTROV),1012,80.617,58.05,,RUS,14/08/2019,30,14,0.02
MALYE KARMAKULY,609,72.367,52.7,,RUS,14/08/2019,30,16,0.14
MURMANSK,684,68.967,33.05,274,RUS,19/09/2024,30,18,4.580166667
MURMANSK II,687,68.967,33.05,274,RUS,14/08/2019,30,19,0.27
POLYARNIY,2027,69.2,33.483,,RUS,20/07/2010,30,20,4.72
TERIBERKA,2028,69.2,35.117,,RUS,20/07/2010,30,23,4.77
LINAKHAMARI,365,69.65,31.367,,RUS,1/1/1980,30,25,2.008
MYS PIKSHUEVA,2026,69.55,32.433,,RUS,20/07/2010,30,30,4.75
BOLVANSKII NOS (FEDOROVA),651,70.45,59.083,,RUS,14/08/2019,30,305,0.4
UGORSKII SHAR (UGORSKII SHAR PROLIV),622,69.817,60.75,,RUS,14/08/2019,30,308,0.2
AMDERMA,599,69.75,61.7,,RUS,11/8/2021,30,310,0.166666667
UST KARA,600,69.25,64.517,,RUS,11/8/2021,30,315,0.128333333
MORZHOVAIA (HARASAVEI MYS),732,71.417,67.583,,RUS,14/08/2019,30,318,0.09
ZHELANIA II (ZHELANIA MYS),647,76.95,68.55,,RUS,14/08/2019,30,321,0.13
POPOVA (BELYI OSTROV),653,73.333,70.05,,RUS,14/08/2019,30,325,0.27
TADIBE-IAHA,767,70.367,72.567,,RUS,6/1/2003,30,328,0.05
SE-LAHA,1200,70.15,72.567,,RUS,6/1/2003,30,331,0.06
ANTIPAIUTA,1128,69.083,76.85,,RUS,6/1/2003,30,335,0
VISE (VISE OSTROV),704,79.5,76.983,,RUS,14/08/2019,30,338,0.1
LESKINA (LESKINA MYS),654,72.317,79.567,,RUS,14/08/2019,30,340,-0.25
DIKSON,611,73.5,80.4,312,RUS,11/8/2021,30,345,0.2125
UEDINENIA (UEDINENIA OSTROV),707,77.5,82.2,,RUS,14/08/2019,30,348,-0.05
SOPOCHNAIA KARGA,917,71.867,82.7,,RUS,11/8/2021,30,351,0.111666667
IZVESTIA TSIK (IZVESTIA TSIK OSTROVA),728,75.95,82.95,,RUS,14/08/2019,30,360,0.04
STERLEGOVA (STERLEGOVA MYS),612,75.417,88.9,,RUS,11/8/2021,30,365,0.232916667
ISACHENKO (ISACHENKO OSTROV),734,77.15,89.2,,RUS,14/08/2019,30,370,-0.09
GOLOMIANYI (GOLOMIANYI OSTROV),729,79.55,90.617,,RUS,14/08/2019,30,374,0.02
PRAVDY (PRAVDY OSTROV),615,76.267,94.767,,RUS,14/08/2019,30,378,-0.22
RUSSKII (RUSSKII OSTROV),655,77.167,96.433,,RUS,14/08/2019,30,380,0.04
KRASNOFLOTSKIE (KRASNOFLOTSKIE OSTROVA),738,78.6,98.833,,RUS,14/08/2019,30,385,-0.09
GEIBERGA (GEIBERGA OSTROV),648,77.6,101.517,,RUS,14/08/2019,30,387,-0.11
SOLNECHNAIA (SOLNECHNAIA BUKHTA),656,78.2,103.267,,RUS,14/08/2019,30,390,0.14
FEDOROVA (CHELUSKIN MYS),601,77.717,104.3,,RUS,11/8/2021,30,392,0.256
KOSYSTYI (KOSYSTYI MYS),736,73.65,109.733,,RUS,14/08/2019,30,394,-0.29
SVIATOI NOS (SVIATOI NOS MYS),657,72.833,140.733,,RUS,6/1/2003,30,397,-0.02
PESCHANYI (PESCHANYI MYS),1006,79.433,102.483,,RUS,8/1/2003,30,405,0.02
ANDREIA (ANDREIA OSTROV),646,76.8,110.75,,RUS,8/1/2003,30,410,-0.03
MALYI TAIMYR (MALYI TAIMYR OSTROV),620,78.083,106.817,,RUS,8/1/2003,30,414,0.24
PREOBRAZHENIA (PREOBRAZHENIA OSTROV),652,74.667,112.933,,RUS,8/1/2003,30,418,0.26
MARII PRONCHISHEVOI (BUKHTA),667,75.533,113.433,,RUS,8/1/2003,30,420,0.1
ANABAR,1780,73.217,113.5,,RUS,11/8/2021,30,425,0.185833333
TERPIAI-TUMSA,790,73.55,118.667,,RUS,8/1/2003,30,430,0.08
UST OLENEK,610,73,119.867,,RUS,14/08/2019,30,435,0.14
DUNAI (DUNAI OSTROV),640,73.933,124.5,,RUS,13/08/2013,30,440,-0.02
SAGYLLAH-ARY,1019,73.15,128.883,,RUS,8/1/2003,30,443,-0.31
TIKSI (TIKSI BUKHTA),569,71.583,128.917,313,RUS,13/08/2013,30,447,-0.28
BYKOV MYS (BYKOV MYS),1399,72,129.117,,RUS,14/08/2019,30,449,-0.18
MALYSHEVA (MALYSHEVA OSTROV),741,72.067,129.833,,RUS,8/1/2003,30,452,-0.34
MUOSTAH ( MUOSTAH OSTROV),649,71.55,130.033,,RUS,8/1/2003,30,455,-0.18
NAIBA,1497,70.85,130.75,,RUS,14/08/2019,30,460,-0.13
BUORHAIA (BUORHAIA MYS),735,71.95,132.767,,RUS,8/1/2003,30,464,0.02
UADEI,709,71.517,136.417,,RUS,8/1/2003,30,468,-0.12
KOTELNYI (KOTELNYI OSTROV),641,76,137.867,,RUS,11/8/2021,30,475,0.139166667
SANNIKOVA (SANNIKOVA PROLIV),602,74.667,138.9,,RUS,11/8/2021,30,480,0.169166667
KIGILIAH,642,73.333,139.867,,RUS,11/8/2021,30,485,0.0675
ZEMLIA BUNGE,658,74.883,142.117,,RUS,13/01/2003,30,510,0.28
SHALAUROVA (SHALAUROVA MYS),603,73.183,143.233,,RUS,13/08/2013,30,516,0.2
NEMKOVA (NEMKOVA OSTROV),797,71.417,150.75,,RUS,14/08/2019,30,521,0.1
ZHOHOVA (ZHOHOVA OSTROV),937,76.15,152.833,,RUS,13/01/2003,30,528,0.23
AMBARCHIK,604,69.617,162.3,,RUS,14/08/2019,30,535,0.02
CHETYREHSTOLBOVOI,650,70.633,162.483,,RUS,16/01/2003,30,550,-0.04
RAU-CHUA,605,69.5,166.583,,RUS,14/08/2019,30,556,0.37
AION,730,69.933,167.983,,RUS,13/07/2010,30,560,0.43
PEVEK,606,69.7,170.25,,RUS,14/08/2019,30,567,-0.11
VALKARKAI,792,70.083,170.933,,RUS,16/01/2003,30,570,0.22
BILLINGA,708,69.883,175.767,,RUS,16/01/2003,30,578,0.02
MYS SHMIDTA,616,68.9,-179.367,,RUS,16/01/2003,30,610,-0.18
VRANGELIA (VRANGELIA OSTROV),608,70.983,-178.483,,RUS,14/08/2019,30,620,0.69
VANKAREM,607,67.833,-175.833,,RUS,14/08/2019,30,630,0.6
KOLUCHIN,621,67.483,-174.65,,RUS,16/01/2003,30,640,0.49
NETTEN,613,66.967,-171.933,,RUS,16/01/2003,30,650,-0.06
RATMANOVA,617,65.85,-169.133,,RUS,14/08/2019,30,670,0.05
PROVIDENIA,662,64.417,-173.233,309,RUS,14/08/2019,30,725,2.89
VARDO,524,70.375,31.104,323,NOR,9/1/2025,40,1,2.934
VADSO,1257,70.067,29.75,,NOR,18/10/1994,40,5,1.867
BERLEVAG,442,70.85,29.1,,NOR,1/1/1980,40,11,-1.683
HONNINGSVAG,1267,70.98,25.973,,NOR,9/1/2025,40,15,1.540583333
HAMMERFEST,758,70.665,23.679,,NOR,9/1/2025,40,21,2.006583333
TROMSO,680,69.646,18.955,,NOR,9/1/2025,40,31,1.533583333
ANDENES,425,69.326,16.135,322,NOR,9/1/2025,40,41,2.045083333
HARSTAD,681,68.801,16.548,,NOR,9/1/2025,40,61,1.602166667
EVENSKJAER,531,68.583,16.55,,NOR,1/1/1980,40,71,0.026
NARVIK,312,68.428,17.426,,NOR,9/1/2025,40,81,1.951
KABELVAG,45,68.213,14.482,,NOR,9/1/2025,40,91,1.835
BODO,562,67.288,14.391,,NOR,9/1/2025,40,101,1.899666667
SANDNESSJOEN,1137,66.017,12.633,,NOR,1/1/1980,40,117,-0.13
MOSJOEN,781,65.85,13.2,,NOR,1/1/1980,40,121,0.111
BRONNOYSUND,803,65.483,12.217,,NOR,1/1/1980,40,131,1.355
RORVIK,1241,64.859,11.23,234,NOR,9/1/2025,40,136,1.293833333
MAUSUND,2271,63.869,8.665,,NOR,9/1/2025,40,138,2.985
TRONDHEIM,34,63.433,10.433,,NOR,30/09/1991,40,141,1.103
TRONDHEIM 2,1748,63.436,10.392,,NOR,9/1/2025,40,142,0.7495
HEIMSJOEN,313,63.425,9.102,,NOR,9/1/2025,40,151,1.9885
KRISTIANSUND,682,63.114,7.734,,NOR,9/1/2025,40,161,2.101166667
ALESUND,509,62.469,6.152,,NOR,9/1/2025,40,191,1.398333333
KJOLSDAL,398,61.917,5.633,,NOR,10/10/1994,40,201,1.171
MALOY,486,61.934,5.113,,NOR,9/1/2025,40,211,1.241666667
BERGEN,58,60.398,5.32,,NOR,9/1/2025,40,221,0.10075
STAVANGER,47,58.974,5.73,,NOR,9/1/2025,40,261,1.0295
TREGDE,302,58.006,7.555,321,NOR,9/1/2025,40,301,1.098416667
HELGEROA,1113,58.995,9.856,,NOR,9/1/2025,40,310,0.967583333
NEVLUNGHAVN,401,58.967,9.883,,NOR,1/1/1980,40,311,0.083
OSLO,62,59.909,10.735,,NOR,9/1/2025,40,321,-0.224916667
OSCARSBORG,33,59.678,10.605,,NOR,9/1/2025,40,331,1.9105
VIKER,1759,59.036,10.95,,NOR,9/1/2025,40,341,0.570583333
STROMSTAD,140,58.95,11.183,,SWE,6/11/1991,50,1,2.019
KUNGSVIK,2113,58.997,11.127,,SWE,6/6/2024,50,9,7.808416667
SMOGEN,179,58.354,11.218,,SWE,6/6/2024,50,11,5.864166667
BACKEVIK,97,58.367,11.25,,SWE,1/1/1980,50,21,-1.103
UDDEVALLA,2360,58.348,11.895,,SWE,6/6/2024,50,22,0.11875
STENUNGSUND,2112,58.093,11.833,,SWE,6/6/2024,50,24,5.605916667
GOTEBORG-RINGON,2133,57.717,11.967,,SWE,1/11/2012,50,30,2.2
GOTEBORG - KLIPPAN,74,57.683,11.9,,SWE,1/3/2012,50,31,2.083
GOTEBORG - TORSHAMNEN,1236,57.685,11.791,233,SWE,6/6/2024,50,32,10.0735
ONSALA,2331,57.392,11.919,,SWE,6/6/2024,50,34,2.663416667
RINGHALS,2111,57.25,12.113,,SWE,6/6/2024,50,35,7.657833333
VARBERG,73,57.1,12.217,,SWE,1/1/1980,50,41,2.213
KLAGSHAMN,330,55.522,12.894,,SWE,6/6/2024,50,51,8.113916667
SKANOR,2108,55.417,12.829,,SWE,6/6/2024,50,56,18.54866667
LIMHAMN,323,55.583,12.933,,SWE,1/1/1980,50,61,1.21
BARSEBACK,2109,55.756,12.903,,SWE,6/6/2024,50,64,8.60175
VIKEN,2110,56.142,12.579,,SWE,6/6/2024,50,66,8.572
YSTAD,72,55.417,13.817,,SWE,29/07/1988,50,71,2.46
SIMRISHAMN,2107,55.558,14.358,,SWE,6/6/2024,50,74,7.81025
KUNGSHOLMSFORT,70,56.105,15.589,,SWE,6/6/2024,50,81,9.1425
OSKARSHAMN,2106,57.275,16.478,,SWE,6/6/2024,50,85,6.918583333
OLANDS NORRA UDDE,69,57.366,17.097,,SWE,6/6/2024,50,91,6.72925
VISBY,2105,57.639,18.284,,SWE,6/6/2024,50,96,8.0755
NEDRE NYKOPING,170,58.75,17.017,,SWE,1/1/1980,50,111,0.64
ARKO,2359,58.484,16.961,,SWE,6/6/2024,50,112,0.189333333
MARVIKEN,2104,58.554,16.837,,SWE,9/6/2023,50,115,7.754916667
LANDSORT,68,58.742,17.865,,SWE,10/9/2019,50,121,6.76
LANDSORT NORRA,2132,58.769,17.859,,SWE,6/6/2024,50,123,6.87
NEDRE SODERTALJE,31,59.2,17.617,,SWE,6/11/1991,50,131,2.03
STOCKHOLM,78,59.324,18.082,341,SWE,6/6/2024,50,141,7.00575
GRONSKAR,77,59.283,19.033,,SWE,6/11/1991,50,151,2.003
FORSMARK,2103,60.409,18.211,,SWE,6/6/2024,50,155,9.1015
BJORN,90,60.633,17.967,,SWE,1/1/1980,50,161,1.871
NEDRE GAVLE,99,60.683,17.167,,SWE,6/11/1991,50,171,1.96
DRAGHALLAN,122,62.367,17.533,,SWE,1/1/1980,50,181,1.895
SPIKARNA,1211,62.363,17.531,,SWE,6/6/2024,50,183,8.016166667
SKAGSUDDE,2102,63.191,19.013,,SWE,9/6/2023,50,187,8.315
RATAN,88,63.986,20.895,,SWE,6/6/2024,50,191,6.799666667
FURUOGRUND,203,64.916,21.231,,SWE,6/6/2024,50,201,7.77075
KALIX,2101,65.697,23.096,,SWE,6/6/2024,50,205,7.74975
KEMI,229,65.673,24.515,,FIN,5/3/2024,60,1,1.545583333
OULU / ULEABORG,79,65.04,25.418,,FIN,5/3/2024,60,11,1.563083333
RAAHE / BRAHESTAD,240,64.666,24.407,,FIN,5/3/2024,60,21,1.5035
YKSPIHLAJA,86,63.833,23.033,,FIN,1/1/1980,60,31,2.15
PIETARSAARI / JAKOBSTAD,194,63.709,22.69,,FIN,5/3/2024,60,41,1.440833333
VAASA / VASA,57,63.082,21.571,,FIN,25/05/2023,60,51,1.462
RONNSKAR,30,63.067,20.8,,FIN,1/1/1980,60,61,2.281
KASKINEN / KASKO,285,62.344,21.215,,FIN,5/3/2024,60,71,1.522583333
SALGRUND,228,62.333,21.2,,FIN,1/1/1980,60,81,2.089
REPOSAARI,85,61.617,21.45,,FIN,1/1/1980,60,91,2.039
MANTYLUOTO,172,61.594,21.463,,FIN,5/3/2024,60,101,1.590333333
SAPPI,226,61.483,21.333,,FIN,1/1/1980,60,111,2.235
RAUMA / RAUMO,376,61.134,21.426,,FIN,5/3/2024,60,121,1.645833333
LYOKKI,16,60.85,21.183,,FIN,1/1/1980,60,221,2.228
LYPYRTTI,17,60.6,21.233,,FIN,1/1/1980,60,231,2.212
TURKU / ABO,239,60.428,22.101,,FIN,5/3/2024,60,241,1.78575
HELIGMAN,231,60.2,19.3,,ALA,1/1/1980,60,251,2.185
KOBBAKLINTAR,63,60.033,19.883,,ALA,1/1/1980,60,261,2.172
LEMSTROM,84,60.1,20.017,,ALA,1/1/1980,60,271,2.164
FOGLO / DEGERBY,249,60.032,20.385,,ALA,5/3/2024,60,281,1.748083333
UTO,27,59.783,21.367,,FIN,1/1/1980,60,291,2.176
LOHM,233,60.1,21.667,,FIN,1/1/1980,60,301,1.783
TVARMINNE,238,59.85,23.25,,FIN,1/1/1980,60,306,2.237
JUNGFRUSUND,18,59.95,22.367,,FIN,1/1/1980,60,311,1.906
RUSSARO,28,59.767,22.95,,FIN,1/1/1980,60,316,2.218
HANKO / HANGO,71,59.823,22.977,,FIN,5/3/2024,60,331,1.911916667
SKURU,142,60.1,23.55,,FIN,13/09/1988,60,344,2.219
HELSINKI,14,60.154,24.956,,FIN,5/3/2024,60,351,1.973666667
"PORVOO, EMASALO",2269,60.206,25.625,,FIN,5/3/2024,60,353,1.990416667
SODERSKAR,29,60.117,25.417,,FIN,1/1/1980,60,354,2.202
KOTKA,164,60.45,26.95,,FIN,1/1/1980,60,358,1.734
HAMINA,315,60.563,27.179,,FIN,5/3/2024,60,361,2.051583333
SUR SARI,227,60.083,26.983,,RUS,1/1/1980,80,1,2.211
VYBORG,83,60.7,28.733,,RUS,1/1/1980,80,2,1.896
PRIMORSK,237,60.35,28.617,,RUS,1/1/1980,80,4,1.868
KALININGRAD,1719,54.7,20.483,,RUS,19/09/2024,80,179,5.281583333
PIONERSKY,289,54.95,20.217,97,RUS,29/06/1988,80,181,5.2
TALLINN,321,59.45,24.8,,EST,1/1/1980,82,11,0.88
VILSANDI,322,58.383,21.817,,EST,1/1/1980,82,21,0.586
DAUGAVGRIVA,37,57.05,24.033,,LVA,1/1/1980,83,81,1.07
LIEPAJA,26,56.533,20.983,,LVA,30/03/2016,83,151,0.197
KLAIPEDA,118,55.7,21.133,,LTU,23/07/2019,84,161,0
GDANSK/NOWY PORT,64,54.4,18.683,,POL,19/10/2001,110,22,5.34
GDYNIA,364,54.533,18.55,,POL,1/1/1980,110,32,5.15
HEL,146,54.6,18.8,,POL,30/03/2016,110,42,5.13
WLADYSLAWOWO,645,54.8,18.417,,POL,19/10/2001,110,47,5.31
USTKA,644,54.583,16.867,,POL,19/10/2001,110,57,5.22
KOLOBRZEG,643,54.183,15.55,,POL,19/10/2001,110,72,5.17
SWINOUJSCIE,2,53.917,14.233,,POL,19/10/2001,110,92,5.03
KOSEROW,1448,54.06,14.001,,DEU,11/7/2024,120,1,5.187416667
SASSNITZ,397,54.511,13.643,,DEU,11/7/2024,120,4,5.15075
WARNEMUNDE 2,11,54.17,12.103,,DEU,11/7/2024,120,12,5.113
WISMAR 2,8,53.899,11.458,,DEU,4/10/2024,120,22,5.125083333
TRAVEMUNDE,13,53.958,10.872,,DEU,11/7/2024,125,1,5.128333333
KIEL-HOLTENAU,789,54.372,10.157,,DEU,11/7/2024,125,21,5.031730769
GEDSER,120,54.573,11.926,,DNK,27/11/2018,130,1,0.278
RODBYHAVN,762,54.656,11.349,,DNK,27/11/2018,130,11,0.237
TEJN,1812,55.25,14.838,,DNK,27/11/2018,130,16,0.337
KOBENHAVN,82,55.705,12.6,,DNK,27/11/2018,130,21,0.268
HORNBAEK,119,56.091,12.458,,DNK,27/11/2018,130,31,0.218
KORSOR,113,55.332,11.142,,DNK,27/11/2018,130,41,0.227
SLIPSHAVN,98,55.288,10.828,,DNK,27/11/2018,130,51,0.226
MOMMARK,271,54.933,10.067,,DNK,1/1/1980,130,61,0.128
FYNSHAV,1197,54.995,9.987,,DNK,27/11/2018,130,62,0.289
FREDERICIA,81,55.561,9.754,,DNK,27/11/2018,130,71,0.21
AARHUS,76,56.147,10.224,,DNK,27/11/2018,130,81,0.143
FREDERIKSHAVN,91,57.436,10.549,,DNK,27/11/2018,130,91,0.105
HIRTSHALS,89,57.596,9.964,,DNK,27/11/2018,130,101,0.12
HANSTHOLM,703,57.119,8.596,,DNK,27/11/2018,130,111,0.231
ESBJERG,80,55.461,8.441,,DNK,27/11/2018,130,121,0.533
AMRUM (WITTDUEN),1036,54.617,8.383,,DEU,22/11/2024,140,2,7.125916667
CUXHAVEN 2,7,53.867,8.717,284,DEU,22/11/2024,140,12,7.212583333
BORKUM (FISCHERBALJE),1037,53.558,6.748,,DEU,22/11/2024,140,16,7.115333333
DELFZIJL,24,53.326,6.933,,NLD,22/11/2024,150,1,0.206583333
WEST-TERSCHELLING,236,53.363,5.22,,NLD,22/11/2024,150,11,0.090666667
HARLINGEN,25,53.176,5.409,,NLD,22/11/2024,150,21,0.15475
DEN HELDER,23,52.964,4.745,,NLD,22/11/2024,150,31,0.07125
IJMUIDEN,32,52.462,4.555,,NLD,22/11/2024,150,41,0.066916667
HOEK VAN HOLLAND,22,51.978,4.12,,NLD,22/11/2024,150,51,0.137166667
MAASSLUIS,9,51.918,4.25,,NLD,22/11/2024,150,61,0.19375
ROOMPOT BUITEN,1551,51.62,3.682,,NLD,22/11/2024,150,90,0.04
VLISSINGEN,20,51.442,3.596,,NLD,22/11/2024,150,101,0.059083333
ZEEBRUGGE,470,51.35,3.2,,BEL,15/01/2025,160,11,2.377
OOSTENDE,413,51.233,2.917,,BEL,15/01/2025,160,21,2.40125
NIEUWPOORT,489,51.15,2.733,,BEL,15/01/2025,160,31,2.389333333
LERWICK,830,60.154,-1.14,236,GBR,2/2/2024,170,1,1.312934524
WICK,1109,58.441,-3.086,,GBR,2/2/2024,170,5,2.148458333
INVERGORDON,944,57.683,-4.167,,GBR,1/1/1980,170,7,2.423
BUCKIE,1281,57.667,-2.967,,GBR,7/4/1992,170,9,2.558
ABERDEEN I,361,57.144,-2.077,,GBR,2/2/2024,170,11,2.579785714
ABERDEEN II,21,57.15,-2.083,,GBR,1/1/1980,170,12,4.904
ROSYTH,1074,56.017,-3.45,,GBR,29/03/1994,170,27,3.3
LEITH,802,55.983,-3.167,,GBR,4/8/1989,170,31,6.861
LEITH II,1526,55.99,-3.182,,GBR,2/2/2024,170,32,3.245799242
DUNBAR,190,56.006,-2.517,,GBR,1/1/1980,170,41,2.612
NORTH SHIELDS,95,55.007,-1.44,,GBR,2/2/2024,170,53,2.981416667
WHITBY,1505,54.49,-0.615,,GBR,2/2/2024,170,56,3.535291667
IMMINGHAM,286,53.63,-0.187,,GBR,2/2/2024,170,61,4.287737745
CROMER,1632,52.934,1.302,,GBR,6/6/2018,170,66,3.01
LOWESTOFT,754,52.473,1.75,,GBR,2/2/2024,170,68,1.721125
FELIXSTOWE,214,51.958,1.347,,GBR,14/05/2012,170,71,2.083
HARWICH,742,51.948,1.292,,GBR,2/2/2024,170,73,2.229569444
WALTON ON THE NAZE,1224,51.85,1.267,,GBR,20/02/1991,170,74,2.179
SOUTHEND,334,51.514,0.724,,GBR,17/05/2016,170,81,3.006
TILBURY,335,51.467,0.367,,GBR,17/01/2018,170,83,3.335
TOWER PIER,336,51.5,0.083,,GBR,17/01/2018,170,92,3.674
SHEERNESS,3,51.446,0.743,,GBR,2/2/2024,170,101,3.1975625
HERNE BAY,2276,51.382,1.116,,GBR,11/7/2024,170,102,2.902
DEAL,2277,51.224,1.409,,GBR,11/7/2024,170,108,3.521291667
DOVER,255,51.114,1.323,,GBR,2/2/2024,170,111,3.8131375
NEWHAVEN,1548,50.782,0.057,,GBR,2/2/2024,170,119,3.742708333
PORTSMOUTH,350,50.802,-1.111,,GBR,2/2/2024,170,131,2.972583333
ARUN PLATFORM,2280,50.77,-0.492,,GBR,11/7/2024,170,132,3.269371795
SANDOWN PIER,2278,50.651,-1.153,,GBR,11/7/2024,170,134,2.745288462
LYMINGTON,2281,50.74,-1.507,,GBR,11/7/2024,170,136,2.184125
SWANAGE PIER,2279,50.609,-1.949,,GBR,11/7/2024,170,138,1.69885
BOURNEMOUTH,1878,50.714,-1.875,,GBR,2/7/2014,170,146,1.717
WEYMOUTH,1773,50.609,-2.448,,GBR,2/2/2023,170,150,1.228441358
WEST BAY HARBOUR,2282,50.709,-2.764,,GBR,11/7/2024,170,152,2.463
TEIGNMOUTH PIER,2283,50.544,-3.492,,GBR,8/3/2016,170,154,2.877
DEVONPORT,982,50.368,-4.185,,GBR,2/2/2024,170,157,3.505875
NEWLYN,202,50.103,-5.543,241,GBR,2/2/2024,170,161,3.2705
PORT ISAAC,2284,50.594,-4.834,,GBR,11/7/2024,170,162,4.143158333
ST. MARYS,1855,49.918,-6.317,,GBR,15/03/2022,170,163,3.17766958
ILFRACOMBE,1214,51.211,-4.112,,GBR,2/2/2024,170,166,5.076958333
HINKLEY POINT,1758,51.211,-3.131,,GBR,9/3/2021,170,168,6.342916667
PORTBURY,2011,51.5,-2.728,,GBR,6/6/2019,170,170,7.081
AVONMOUTH,257,51.508,-2.713,,GBR,27/01/2016,170,171,6.788
SEVERN BRIDGE,2285,51.57,-2.7,,GBR,11/7/2024,170,172,6.9890625
NEWPORT,1832,51.55,-2.987,,GBR,2/2/2024,170,173,6.311541667
SWANSEA,967,51.617,-3.917,,GBR,25/10/1989,170,178,8.101
MUMBLES,1732,51.57,-3.975,,GBR,6/5/2015,170,179,5.155
MILFORD HAVEN (NEWTON NOYES),66,51.7,-5.017,,GBR,20/02/1987,170,181,3.973
MILFORD HAVEN (HAKIN),1700,51.707,-5.052,,GBR,2/2/2024,170,182,4.022583333
FISHGUARD,939,52.013,-4.984,,GBR,18/03/1991,170,183,2.778
FISHGUARD II,1731,52.013,-4.984,,GBR,15/03/2022,170,184,2.822729167
BARMOUTH,1771,52.719,-4.045,,GBR,31/05/2016,170,187,2.738
HOLYHEAD,5,53.314,-4.62,,GBR,2/2/2024,170,191,3.31975
LLANDUDNO,1854,53.332,-3.825,,GBR,2/2/2024,170,196,4.198375
BIRKENHEAD (ALFRED DOCK),765,53.4,-3.017,,GBR,25/06/1992,170,201,5.346
LIVERPOOL GEORGES AND PRINCES PIERS,15,53.4,-3,,GBR,27/01/2016,170,211,5.355
LIVERPOOL (GLADSTONE DOCK),1774,53.45,-3.018,,GBR,2/2/2024,170,214,5.242
HEYSHAM,936,54.032,-2.92,,GBR,2/2/2024,170,225,5.271833333
WORKINGTON,1794,54.651,-3.567,,GBR,2/2/2024,170,228,4.6495
DOUGLAS,435,54.15,-4.467,,IMN,7/4/1992,170,231,3.288
PORT ERIN,1793,54.085,-4.768,,IMN,2/2/2024,170,233,2.989125
PORTPATRICK,1215,54.843,-5.12,,GBR,2/7/2012,170,236,2.305
MILLPORT,755,55.75,-4.906,,GBR,2/2/2024,170,241,1.990307692
ISLAY (PORT ELLEN),1772,55.628,-6.19,,GBR,14/05/2012,170,244,0.525
TOBERMORY,1491,56.623,-6.064,,GBR,2/2/2024,170,246,2.818583333
ULLAPOOL,1112,57.895,-5.158,,GBR,2/2/2023,170,249,3.286097222
STORNOWAY,314,58.208,-6.389,238,GBR,2/2/2024,170,251,3.012291667
KINLOCHBERVIE,1775,58.457,-5.05,,GBR,2/2/2024,170,255,2.903839286
PORTRUSH,1867,55.207,-6.657,,GBR,2/2/2024,170,261,1.2955
BELFAST,861,54.6,-5.917,,GBR,1/1/1980,170,271,1.945
BELFAST 2,219,54.6,-5.917,,GBR,31/05/1989,170,272,2.015
BANGOR,1856,54.665,-5.669,,GBR,28/06/2017,170,281,2.026
MALIN HEAD,916,55.367,-7.333,239,IRL,15/01/2004,175,11,3.121
DUBLIN,432,53.35,-6.217,,IRL,15/03/2017,175,71,2.722
ST HELIER (JERSEY) 2,1795,49.183,-2.117,,JEY,2/2/2024,180,2,6.0739
DUNKERQUE,468,51.048,2.367,,FRA,30/01/2024,190,1,3.348083333
CALAIS,455,50.969,1.868,,FRA,30/01/2024,190,11,4.107
BOULOGNE,471,50.728,1.577,,FRA,30/01/2024,190,21,5.064166667
DIEPPE,474,49.929,1.084,,FRA,30/01/2024,190,31,5.101166667
ANTIFER,1383,49.65,0.15,,FRA,1/1/1980,190,46,5.007
LE HAVRE,453,49.482,0.106,,FRA,30/01/2024,190,51,5.025166667
CHERBOURG,467,49.651,-1.636,,FRA,30/01/2024,190,61,3.907916667
ST. MALO,454,48.641,-2.028,,FRA,30/01/2024,190,71,6.862208333
ROSCOFF,1347,48.718,-3.966,,FRA,30/01/2024,190,86,5.360083333
LE CONQUET,1294,48.359,-4.781,,FRA,30/01/2024,190,89,4.056666667
BREST,1,48.383,-4.495,242,FRA,30/01/2024,190,91,4.249166667
CONCARNEAU,1301,47.874,-3.907,,FRA,30/01/2024,190,96,3.09625
PORT TUDY,1247,47.644,-3.446,,FRA,30/01/2024,190,103,3.220916667
LE CROUESTY,1921,47.543,-2.895,,FRA,30/01/2024,190,105,3.390333333
ST. NAZAIRE,457,47.27,-2.2,,FRA,30/01/2024,190,111,3.661208333
POINTE ST. GILDAS,1078,47.133,-2.25,,FRA,7/9/1990,190,113,2.975
LES SABLES D OLONNE,1747,46.498,-1.794,,FRA,30/01/2024,190,116,3.360166667
LA ROCHELLE-LA PALLICE,466,46.158,-1.221,,FRA,30/01/2024,190,121,3.9905
ILE D'AIX,2236,46.007,-1.174,,FRA,30/01/2024,190,123,3.999072222
PORT BLOC,1915,45.569,-1.062,,FRA,30/01/2024,190,126,3.364083333
LE VERDON,459,45.55,-1.067,,FRA,1/1/1980,190,131,3.258
MIMIZAN,2335,44.211,-1.295,,FRA,30/01/2024,190,138,2.8815
BOUCAU,1801,43.527,-1.515,,FRA,30/01/2024,190,139,2.645666667
ARCACHON-EYRAC,1918,44.665,-1.164,,FRA,19/10/2022,190,140,2.626
ST JEAN DE LUZ (SOCOA),469,43.395,-1.682,,FRA,30/01/2024,190,141,2.6205
PASAJES,561,43.327,-1.922,,ESP,1/1/1980,200,1,2.736
"PASAIA HARBOUR, SAN SEBASTIAN",2338,43.322,-1.932,,ESP,18/08/2020,200,2,3.557833333
BILBAO,1806,43.352,-3.045,,ESP,11/7/2023,200,6,2.444416667
SANTANDER I,485,43.461,-3.791,,ESP,5/3/2019,200,11,2.897
SANTANDER 2,1051,43.466,-3.766,,ESP,1/1/1980,200,12,-7.332
SANTANDER III,1807,43.461,-3.791,,ESP,11/7/2023,200,13,2.923333333
GIJON II,1871,43.558,-5.698,,ESP,11/7/2023,200,22,2.794333333
LA CORUÑA I,484,43.369,-8.398,243,ESP,5/3/2019,200,30,2.765
LA CORUÑA II,763,43.364,-8.399,243,ESP,13/08/2024,200,31,7.146833333
LA CORUÑA III,1808,43.357,-8.389,243,ESP,11/7/2023,200,32,2.757
LANGOSTEIRA,2308,43.347,-8.53,,ESP,11/7/2023,200,33,2.317583333
FERROL 2,2053,43.476,-8.249,,ESP,11/7/2023,200,35,2.221083333
VILLAGARCIA,1897,42.601,-8.77,,ESP,11/7/2023,200,36,2.260583333
MARIN,2181,42.406,-8.691,,ESP,11/7/2023,200,38,2.152416667
VIGO,483,42.238,-8.731,,ESP,5/3/2019,200,41,2.038
VIGO II,1898,42.243,-8.726,,ESP,11/7/2023,200,42,2.125416667
VIANA,1482,41.683,-8.833,,PRT,9/11/1998,210,11,2.139
LEIXOES,791,41.183,-8.7,,PRT,2/3/2023,210,12,2.234416667
AVEIRO,1402,40.65,-8.75,,PRT,6/11/1998,210,13,2.216
CASCAIS,52,38.683,-9.417,246,PRT,27/01/2016,210,21,-4.287
LISBON,1336,38.7,-9.133,,PRT,30/11/1988,210,23,2.256
SETROIA,1425,38.5,-8.9,,PRT,9/11/1998,210,26,2.29
SINES,1456,37.95,-8.883,,PRT,2/3/2023,210,28,2.247458333
LAGOS,162,37.1,-8.667,,PRT,27/01/2016,210,31,-3.004
GIBRALTAR,981,36.148,-5.365,248,GIB,1/9/2014,215,1,0.521
CADIZ II,209,36.528,-6.311,,ESP,26/06/2013,220,2,6.809
CADIZ III,985,36.54,-6.286,,ESP,14/03/2019,220,3,2.009
HUELVA,1883,37.132,-6.834,,ESP,11/7/2023,220,5,2.07575
BONANZA,1809,36.802,-6.338,,ESP,11/7/2023,220,8,1.768916667
SEVILLA-ESCLUSA,2047,37.331,-5.996,,ESP,17/04/2013,220,10,1.23
ALGECIRAS,490,36.121,-5.435,,ESP,20/11/2006,220,11,0.852
ALGECIRAS B,2117,36.121,-5.437,,ESP,5/3/2019,220,12,0.719
ALGECIRAS 2,2055,36.177,-5.398,,ESP,11/7/2023,220,15,0.716083333
TARIFA,488,36.009,-5.603,,ESP,5/3/2019,220,21,1.138
TARIFA 2,2054,36.006,-5.604,,ESP,11/7/2023,220,24,0.710416667
MALAGA,496,36.713,-4.415,,ESP,27/04/2015,220,31,0.985
MALAGA II,1810,36.712,-4.417,,ESP,11/7/2023,220,32,0.6325
MOTRIL 2,1940,36.72,-3.524,,ESP,11/7/2023,220,35,0.616833333
ALMERÍA 1,1455,36.829,-2.457,,ESP,11/11/1998,220,41,7.124
ALMERIA 2,2056,36.83,-2.478,,ESP,11/7/2023,220,44,0.3995
CARTAGENA 1,1460,37.597,-0.974,,ESP,7/4/1989,220,46,7.1
ALICANTE 1,208,38.338,-0.478,,ESP,13/08/2024,220,51,7.121583333
ALICANTE 2,960,38.339,-0.481,,ESP,13/08/2024,220,52,7.129333333
VALENCIA,1813,39.442,-0.311,,ESP,11/7/2023,220,56,0.19525
GANDIA,2058,38.995,-0.151,,ESP,11/7/2023,220,58,0.042416667
SAGUNTO,2059,39.634,-0.206,,ESP,11/7/2023,220,60,-0.001041667
BARCELONA,1811,41.342,2.166,,ESP,11/7/2023,220,61,0.37525
TARRAGONA,2182,41.079,1.213,,ESP,11/7/2023,220,62,0.376416667
L'ESTARTIT,1764,42.054,3.206,,ESP,10/5/2023,220,81,0.09725
PALMA,1087,39.55,2.62,,ESP,22/06/2011,225,1,0.85
PALMA DE MALLORCA,1892,39.552,2.639,,ESP,5/3/2019,225,11,0.636
PALMA DE MALLORCA 2,2061,39.56,2.637,,ESP,11/7/2023,225,12,-0.072666667
ALCUDIA,2063,39.835,3.139,,ESP,11/7/2023,225,14,0.4665
MAHON,2062,39.893,4.271,,ESP,11/7/2023,225,16,0.029166667
IBIZA,1932,38.911,1.45,,ESP,11/7/2023,225,21,0.41575
FORMENTERA,2060,38.735,1.419,,ESP,11/7/2023,225,22,0.412333333
PORT VENDRES,1469,42.52,3.107,,FRA,30/01/2024,230,6,0.51975
PORT LA NOUVELLE,2336,43.015,3.064,,FRA,30/01/2024,230,10,0.600916667
SETE,958,43.398,3.699,,FRA,30/01/2024,230,21,0.47625
FOS SUR MER,2234,43.405,4.893,,FRA,30/01/2024,230,45,0.513166667
MARSEILLE,61,43.279,5.354,205,FRA,30/01/2024,230,51,0.5245
TOULON,980,43.113,5.915,,FRA,30/01/2024,230,61,0.468416667
PORT FERREOL,2233,43.359,6.718,,FRA,30/01/2024,230,63,0.55275
NICE,1468,43.696,7.286,,FRA,30/01/2024,230,81,0.526333333
AJACCIO,1929,41.923,8.763,,FRA,30/01/2024,232,1,0.494583333
CENTURI,2207,42.966,9.35,,FRA,30/01/2024,232,3,0.52425
SOLENZARA,2208,41.857,9.404,,FRA,30/01/2024,232,4,0.612309524
MONACO (FONTVIEILLE),788,43.729,7.421,,MCO,30/01/2024,233,11,0.511166667
LA MADDALENA,109,41.233,9.367,,ITA,1/1/1980,240,1,-0.705
PORTO TORRES,2084,40.842,8.404,,ITA,28/09/2023,240,6,0.246166667
CAGLIARI,104,39.2,9.167,,ITA,1/1/1980,240,11,0.007
CAGLIARI II,2089,39.21,9.114,,ITA,28/09/2023,240,12,0.2055
CARLOFORTE,2076,39.148,8.309,,ITA,18/10/2016,240,15,0.029
PORTO MAURIZIO,108,43.867,8.017,,ITA,1/1/1980,250,1,-0.565
IMPERIA,2078,43.878,8.019,,ITA,27/02/2023,250,6,0.0815
GENOVA,59,44.4,8.9,,ITA,14/06/2024,250,11,-3.129583333
GENOVA II,2090,44.41,8.926,,ITA,26/07/2024,250,12,0.110416667
LIVORNO II,2080,43.546,10.299,,ITA,27/02/2023,250,26,0.032583333
CIVITAVECCHIA,106,42.05,11.817,,ITA,1/1/1980,250,31,-0.95
NAPOLI (ARSENALE),129,40.867,14.267,,ITA,1/1/1980,250,41,-0.841
NAPOLI II,2092,40.841,14.269,,ITA,18/10/2016,250,46,-0.015
NAPOLI (MANDRACCHIO),105,40.843,14.258,,ITA,4/6/2019,250,51,-0.278
SALERNO,2086,40.677,14.751,,ITA,28/09/2023,250,56,-0.101416667
PALINURO,2082,40.03,15.275,,ITA,28/09/2023,250,58,-0.046833333
REGGIO CALABRIA,670,38.1,15.65,,ITA,1/1/1980,250,61,1.057
REGGIO CALABRIA II,2142,38.122,15.649,,ITA,27/02/2023,250,62,-0.148083333
"PORTO EMPEDOCLE, SICILY",2083,37.286,13.527,,ITA,18/10/2016,260,6,-0.131
PALERMO,107,38.133,13.333,,ITA,1/1/1980,260,11,-0.585
PALERMO II,2093,38.121,13.371,,ITA,18/10/2016,260,12,0.138
LAMPEDUSA,2079,35.5,12.604,,ITA,28/09/2023,260,25,0.132083333
CAPO PASSERO,873,36.667,15.3,,ITA,1/1/1980,260,28,1.342
CATANIA,102,37.5,15.133,,ITA,1/1/1980,260,31,1.076
CATANIA II,2094,37.498,15.094,,ITA,28/09/2023,260,32,0.072666667
MARSAXLOKK (FORMALLY VALLETTA),1735,35.82,14.533,,MLT,8/6/2023,265,1,0.70325
TARANTO,103,40.433,17.267,,ITA,1/1/1980,270,6,0.684
TARANTO II,2095,40.476,17.224,,ITA,28/09/2023,270,7,-0.159833333
OTRANTO,990,40.133,18.5,,ITA,1/1/1980,270,11,0.823
OTRANTO II,2096,40.147,18.497,,ITA,26/07/2024,270,12,-0.213
BARI,2075,41.14,16.866,,ITA,26/07/2024,270,17,-0.122416667
MANFREDONIA,1262,41.617,15.917,,ITA,1/1/1980,270,19,0.754
VIESTE,2087,41.888,16.177,,ITA,28/09/2023,270,22,-0.072916667
ORTONA,972,42.35,14.4,,ITA,1/1/1980,270,26,0.671
ORTONA II,2097,42.356,14.415,,ITA,27/02/2023,270,28,-0.024333333
ANCONA,101,43.583,13.483,,ITA,1/1/1980,270,30,1.051
ANCONA II,2098,43.625,13.507,,ITA,27/02/2023,270,32,-0.006333333
PORTO CORSINI,100,44.5,12.283,,ITA,1/1/1980,270,35,0.976
PORTO GARIBALDI,2144,44.678,12.249,,ITA,18/06/2024,270,37,0.10425
VENEZIA (ARSENALE),87,45.417,12.35,,ITA,1/1/1980,270,41,-0.853
VENEZIA II,2100,45.418,12.427,,ITA,28/09/2023,270,46,0.201583333
VENEZIA (S.STEFANO),39,45.417,12.333,,ITA,11/4/2000,270,51,0.272
VENEZIA (PUNTA DELLA SALUTE),168,45.433,12.333,,ITA,27/01/2016,270,54,0.356
TRIESTE,154,45.647,13.758,340,ITA,25/01/2022,270,61,1.675583333
TRIESTE II,2099,45.649,13.758,,ITA,26/07/2024,270,62,0.024833333
KOPER,1009,45.548,13.725,,SVN,18/12/1997,279,2,2.026
LUKA KOPER,1817,45.548,13.725,,SVN,17/02/2023,279,3,2.2425
ROVINJ,761,45.083,13.628,,HRV,11/7/2019,280,6,1.041
BAKAR,353,45.305,14.54,,HRV,10/5/2024,280,11,0.7825
ZADAR,1859,44.123,15.235,,HRV,11/7/2019,280,13,0.779
GAZENICA,1577,44.083,15.267,,HRV,31/05/1990,280,14,0.639
ZLARIN,1578,43.7,15.667,,HRV,31/05/1990,280,17,1.014
SPLIT RT MARJANA,685,43.508,16.392,,HRV,4/11/2010,280,21,0.851
SPLIT - GRADSKA LUKA,352,43.507,16.442,,HRV,11/7/2019,280,31,0.678
VIS-CESKA VILA,1574,43.067,16.2,,HRV,3/2/1993,280,40,0.823
SUCURAJ,1706,43.133,17.2,,HRV,12/5/2008,280,46,0.622
UBLI,1718,42.75,16.833,,HRV,3/2/1993,280,56,0.48
PLOCE,1945,43.05,17.417,,HRV,11/7/2019,280,75,1.313
DUBROVNIK,760,42.658,18.063,,HRV,11/7/2019,280,81,1.2
BAR,1075,42.083,19.083,,MNE,3/2/1993,281,11,0.858
PREVEZA,410,38.959,20.757,,GRC,20/02/2024,290,1,0.594041667
LEVKAS,1239,38.835,20.712,,GRC,20/02/2024,290,4,0.480583333
POSIDHONIA,409,37.951,22.96,,GRC,20/02/2024,290,11,0.7485
PATRAI,1250,38.417,21.729,,GRC,20/02/2024,290,14,0.916923077
KATAKOLON,1240,37.645,21.32,,GRC,20/02/2024,290,17,0.572
KALAMAI,411,37.024,22.116,,GRC,20/02/2024,290,21,0.584391892
NORTH SALAMINOS II,1938,37.98,23.534,,GRC,12/8/2013,290,29,0.52
NORTH SALAMINOS,1604,37.98,23.542,,GRC,7/8/2013,290,30,-0.9
PIRAIEVS,374,37.937,23.627,,GRC,20/02/2024,290,31,0.647041667
RAFINA,1695,38.033,24,,GRC,28/11/1994,290,32,-1.23
KHALKIS SOUTH,1441,38.461,23.589,,GRC,20/02/2024,290,33,0.6213
KHALKIS NORTH,1237,38.472,23.593,,GRC,20/02/2024,290,34,0.950166667
SKOPELOS,1907,39.124,23.729,,GRC,12/8/2013,290,37,-0.72
THESSALONIKI,373,40.633,22.935,,GRC,15/10/2020,290,51,1.036416667
KAVALLA,375,40.935,24.412,,GRC,20/02/2024,290,61,1.070375
ALEXANDROUPOLIS,1238,40.844,25.878,,GRC,20/02/2024,290,65,0.721162037
KHIOS,408,38.372,26.141,,GRC,20/02/2024,290,71,0.7
SIROS,1234,37.44,24.946,,GRC,20/02/2024,290,81,0.610916667
LEROS,1233,37.13,26.848,,GRC,20/02/2024,290,91,0.452013889
SOUDHAS,1232,35.487,24.082,,GRC,20/02/2024,290,97,0.529083333
SOUDHAS II,2067,35.487,24.082,,GRC,28/11/2019,290,99,0.543
IRAKLION,634,35.348,25.153,,GRC,18/07/2013,290,101,0.62
IRAKLION II,2165,35.348,25.153,,GRC,20/02/2024,290,102,0.628625
CORFU ( KERKYRA ),1933,39.628,19.905,,GRC,20/02/2024,290,103,-0.906833333
SAMOS ISLAND - VATHI,1941,37.755,26.976,,GRC,8/5/2014,290,105,-0.71
RHODOS,1243,36.442,28.236,,GRC,7/8/2013,290,110,0.71
RHODOS II,2167,36.442,28.236,,GRC,20/02/2024,290,112,0.529222973
BOURGAS,317,42.483,27.483,,BGR,27/08/1997,295,21,1.283
VARNA,318,43.183,27.917,,BGR,27/08/1997,295,51,1.448
CONSTANTZA,379,44.167,28.667,,ROU,1/7/1998,297,21,0.273
SEVASTOPOL,42,44.617,33.533,,UKR,3/2/1998,298,41,4.69
TUAPSE,215,44.1,39.067,98,RUS,19/09/2024,300,1,4.724583333
POTI,41,42.167,41.683,,GEO,24/08/2023,305,21,5.095
BATUMI,51,41.633,41.7,,GEO,24/08/2023,305,31,4.77
TRABZON II,1927,41,39.733,,TUR,28/06/2010,310,13,1.714
IGNEDA,1926,41.883,28.017,,TUR,9/7/2013,310,18,1.809
AMASRA,1919,41.433,32.233,,TUR,24/06/2010,310,26,2.229
MARMARA EREGLISI,2010,40.967,27.967,,TUR,28/06/2010,310,37,1.422
ERDEK,1598,40.383,27.85,,TUR,9/7/2013,310,38,2.058
MENTES/IZMIR,1679,38.433,26.717,,TUR,9/7/2013,310,42,2.012
BODRUM II,1680,37.033,27.417,,TUR,9/7/2013,310,46,1.39
ANTALYA II,1681,36.833,30.617,,TUR,9/7/2013,310,52,1.432
ISKENDERUN II,2020,36.594,36.181,,TUR,28/06/2010,310,66,2.291
ERDEMLI,2009,36.567,34.25,,TUR,28/06/2010,310,71,1.305
FAMAGUSTA,436,35.117,33.95,,CYP,9/11/1989,315,1,-2.147
GIRNE,1911,35.35,33.333,,CYP,12/6/2012,315,10,1.541
AKKO,2218,32.919,35.07,,ISR,11/1/2022,320,9,0.231916667
HAIFA II,2221,32.829,34.991,,ISR,23/07/2019,320,10,0.254
HADERA,1797,32.47,34.863,80,ISR,7/5/2024,320,16,0.238833333
TEL AVIV,1880,32.083,34.767,,ISR,3/7/2012,320,19,0.071
TEL AVIV - YAFO,2147,32.053,34.75,,ISR,27/04/2023,320,20,0.156833333
ASHDOD II,2219,31.831,34.641,,ISR,23/07/2019,320,33,0.2
ASHKLON,2220,31.682,34.557,,ISR,27/04/2023,320,35,0.158625
PORT SAID,253,31.25,32.3,,EGY,1/1/1980,330,1,18.218
ALEXANDRIA,503,31.217,29.917,349,EGY,18/09/2013,330,71,0.208
CEUTA,498,35.892,-5.316,249,ESP,5/3/2019,340,1,0.885
MELILLA,2057,35.291,-2.929,,ESP,11/7/2023,340,3,0.338291667
VILLA SANJURJO,506,35.25,-3.917,,MAR,1/1/1980,350,4,0.779
PONTA DELGADA,258,37.736,-25.671,245,PRT,13/08/2019,360,1,1.234
PONTA DELGADA 2,1885,37.733,-25.667,245,PRT,7/3/2023,360,2,1.153
ANGRA DO HEROISMO,380,38.65,-27.233,,PRT,4/11/1998,360,11,1.153
LAJES DAS FLORES,2171,39.378,-31.169,,PRT,26/03/2019,360,36,1.236
SANTA CRUZ DAS FLORES,843,39.45,-31.117,244,PRT,10/8/2016,360,41,1.108
FUNCHAL,1030,32.644,-16.913,250,PRT,14/04/2009,365,1,1.587
FUNCHAL B,2024,32.651,-17.118,250,PRT,6/6/2017,365,10,1.474
ARRECIFE,593,28.972,-13.53,,ESP,5/3/2019,370,1,1.775
ARRECIFE-D,1710,28.966,-13.538,,ESP,15/05/2002,370,4,1.583
FUERTEVENTURA,2048,28.493,-13.858,,ESP,11/7/2023,370,6,1.56025
HIERRO,2051,27.784,-17.902,,ESP,11/7/2023,370,9,1.59625
ARRECIFE 2,2066,28.972,-13.53,,ESP,11/7/2023,370,10,1.825916667
SANTA CRUZ DE LA PALMA,585,28.68,-17.766,,ESP,1/1/1980,370,11,2.06
SANTA CRUZ DE LA PALMA B,568,28.672,-17.769,,ESP,5/3/2019,370,15,1.463
LA PALMA,2064,28.678,-17.768,,ESP,11/7/2023,370,18,1.444916667
LA GOMERA,2065,28.088,-17.108,,ESP,11/7/2023,370,20,1.337166667
SANTA CRUZ DE TENERIFE 1,303,28.477,-16.241,,ESP,13/08/2024,370,21,7.067
TENERIFE,1803,28.477,-16.241,,ESP,11/7/2023,370,32,1.56325
GRANADILLA,2050,28.085,-16.49,,ESP,24/01/2013,370,34,1.63
"LAS PALMAS, PUERTO DE LA LUZ",590,28.136,-15.426,251,ESP,25/11/1993,370,41,1.498
LAS PALMAS C (PUERTO DE LA LUZ),565,28.147,-15.408,251,ESP,5/3/2019,370,45,1.445
LAS PALMAS D,1802,28.141,-15.412,251,ESP,11/7/2023,370,46,1.64325
ARINAGA,2049,27.847,-15.401,,ESP,24/01/2013,370,48,1.73
PORTO GRANDE (ST. VINCENT) 2,1769,16.883,-25,,CPV,9/11/1998,380,2,0.769
PALMEIRA,1914,16.75,-22.983,329,CPV,29/01/2020,380,21,1.546
DAKAR,476,14.633,-17.45,253,SEN,1/1/1980,390,1,1.127
DAKAR 2,1816,14.683,-17.417,253,SEN,29/01/2020,390,2,1.049
ENGLISH BAY (ASCENSION ISLAND),1831,-7.893,-14.386,263,SHN,2/10/2014,402,1,0.924
ABIDJAN,1313,5.25,-4,257,CIV,1/1/1980,405,1,1.186
TAKORADI,331,4.885,-1.745,335,GHA,15/03/2013,410,1,0.937
TEMA,1049,5.617,0,,GHA,1/1/1980,410,16,0.876
FORCADOS,389,5.35,5.35,,NGA,5/10/1992,420,11,0.82
POINTE NOIRE,938,-4.783,11.833,261,COG,25/11/1993,424,21,1.011
JAMESTOWN LANDING STEPS,1845,-15.921,-5.718,264,SHN,3/6/2014,425,1,5.624
WALVIS BAY,914,-22.949,14.499,314,NAM,5/4/2016,427,1,1.029
LUDERITZ,911,-26.643,15.155,,NAM,10/2/2021,427,11,NA
PORT NOLLOTH,836,-29.257,16.868,,ZAF,11/2/2021,430,21,NA
STOMPNEUS BAY,882,-32.717,17.983,,ZAF,10/2/2021,430,31,NA
SALAMANDER,1427,-33.067,18,,ZAF,10/2/2021,430,37,NA
CAPE TOWN (GRANGER BAY),1195,-33.905,18.435,,ZAF,11/2/2021,430,45,NA
TABLE BAY HARBOUR,866,-33.917,18.433,,ZAF,10/2/2021,430,51,NA
SIMONS BAY,826,-34.188,18.44,268,ZAF,2/11/2023,430,61,1.113
HERMANUS,928,-34.433,19.233,,ZAF,10/2/2021,430,71,NA
MOSSEL BAY,910,-34.179,22.135,,ZAF,11/2/2021,430,81,NA
KNYSNA,950,-34.049,23.046,,ZAF,10/2/2021,430,86,NA
PORT ELIZABETH,820,-33.951,25.63,76,ZAF,2/11/2023,430,88,1.182166667
EAST LONDON,1192,-33.027,27.932,,ZAF,10/2/2021,430,90,NA
DURBAN,284,-29.874,31.051,13,ZAF,2/11/2023,430,91,1.195666667
RICHARDS BAY,1443,-28.812,32.079,,ZAF,10/2/2021,430,95,NA
MAPUTO,986,-25.967,32.567,,MOZ,12/10/2005,432,1,2.228
MOZAMBIQUE ISLAND,1054,-15.033,40.733,,MOZ,1/1/1980,432,21,2.43
KERGUELEN,1849,-49.352,70.256,23,ATF,30/01/2024,434,1,1.211916667
DZAOUDZI,1642,-12.782,45.258,96,MYT,30/01/2024,438,1,2.3095
NOSY-BE,926,-13.4,48.283,15,MDG,1/1/1980,440,1,2.251
POINT LA RUE,1846,-4.667,55.533,339,SYC,29/01/2020,442,7,1.024
GRAND PORT,930,-20.367,57.75,,MUS,1/1/1980,450,1,0.68
PORT LOUIS,477,-20.15,57.5,18,MUS,12/6/1991,450,11,0.393
PORT LOUIS II,1673,-20.15,57.5,18,MUS,15/05/2023,450,12,1.79
RODRIGUES IS,1672,-19.667,63.417,19,MUS,15/05/2023,450,21,2.039166667
POINTE DES GALETS,1501,-20.935,55.285,17,REU,30/01/2024,451,1,0.568416667
DIEGO GARCIA-C,1740,-7.283,72.4,26,IOT,17/10/2002,453,3,1.295
DIEGO GARCIA D,2190,-7.29,72.393,26,IOT,29/01/2020,453,5,1.59
GAN II,1707,-0.683,73.15,27,MDV,29/01/2020,454,2,1.56
"MALE-B, HULULE",1753,4.183,73.533,28,MDV,29/01/2020,454,11,1.943
HANIMADHOO B,2184,6.767,73.173,,MDV,7/3/2023,454,31,1.089
ZANZIBAR,1600,-6.15,39.183,297,TZA,29/01/2020,460,16,2.137
MOMBASA II,2183,-4.067,39.65,8,KEN,29/01/2020,470,2,2.95
LAMU B,2198,-2.272,40.903,,KEN,29/01/2020,470,14,2.299
PORT SUDAN,1690,19.633,37.117,,SDN,27/02/1995,477,1,0.526
EILAT NORTH,2148,29.545,34.952,,ISR,9/4/2014,480,15,0.38
EILAT SOUTH,2149,29.502,34.918,,ISR,18/11/2020,480,21,0.32525
MINA SULMAN,1494,26.233,50.6,,BHR,17/01/2012,482,19,1.605
ADEN,44,12.788,44.974,3,YEM,1/2/2016,485,1,1.357
SALALAH,1754,16.933,54,4,OMN,29/01/2020,487,1,2.068
MASIRAH,1887,20.683,58.867,,OMN,29/01/2020,487,12,1.478
MUSCAT,1716,23.633,58.567,,OMN,15/10/2013,487,21,2.398
MUSCAT B,2185,23.628,58.565,,OMN,29/01/2020,487,22,4.549
CHABAHAR II,2228,25.296,60.603,337,IRN,30/11/2017,489,52,1.601
KARACHI,204,24.812,66.975,30,PAK,30/11/2017,490,21,1.894
KANDLA,596,23.017,70.217,,IND,11/12/2024,500,11,4.051916667
VADINAR,1943,22.45,69.683,,IND,11/12/2024,500,13,3.252916667
OKHA,1395,22.467,69.083,,IND,11/12/2024,500,14,2.26725
VERAVAL,770,20.9,70.367,31,IND,27/01/2016,500,21,1.2
BHAUNAGAR I,420,21.8,72.3,,IND,1/1/1980,500,30,6.309
BHAUNAGAR II,804,21.75,72.233,,IND,1/1/1980,500,31,5.87
MUMBAI / BOMBAY (APOLLO BANDAR),43,18.917,72.833,,IND,11/12/2024,500,41,2.751839286
BOMBAY (PRINCES DOCK),212,18.95,72.833,,IND,1/1/1980,500,51,2.457
MORMUGAO,1249,15.417,73.8,281,IND,24/09/2024,500,65,1.5095
KARWAR,1273,14.8,74.117,,IND,24/09/2024,500,67,1.309166667
MANGALORE (PANAMBURU),1423,12.917,74.8,,IND,11/12/2024,500,70,1.029416667
MANGALORE,696,12.85,74.833,,IND,27/01/2016,500,71,0.982
COCHIN (WILLINGDON IS.),438,9.967,76.267,32,IND,24/09/2024,500,81,0.77575
TUTICORIN,1072,8.75,78.2,,IND,24/09/2024,500,83,0.754958333
TANGACHCHIMADAM,1258,9.283,79.25,,IND,21/03/1990,500,85,0.9
NAGAPATTINAM,1308,10.767,79.85,,IND,11/12/2024,500,87,0.4333125
CHENNAI,205,13.1,80.3,34,IND,24/09/2024,500,91,0.87925
VISAKHAPATNAM,414,17.683,83.283,35,IND,24/09/2024,500,101,0.96225
PARADIP,1161,20.267,86.7,,IND,11/12/2024,500,106,1.838083333
GANGRA,1369,21.95,88.017,,IND,15/04/2009,500,109,2.88
HALDIA,1270,22.033,88.1,,IND,24/09/2024,500,110,3.354333333
SAUGOR/SAGAR,417,21.65,88.05,,IND,27/01/2016,500,111,3.257
DUBLAT (SAUGOR IS.),49,21.633,88.133,,IND,1/1/1980,500,121,2.624
DIAMOND HARBOUR,543,22.2,88.167,,IND,17/10/2024,500,131,3.49756962
GARDEN REACH,369,22.55,88.3,,IND,17/10/2024,500,141,3.496458333
KIDDERPORE,48,22.533,88.333,,IND,1/1/1980,500,151,2.765
TRIBENI,1002,22.983,88.4,,IND,16/12/2008,500,161,4.098
HIRON POINT,1451,21.783,89.467,,BGD,8/6/2005,510,3,1.822
CHARCHANGA,1496,22.217,91.05,36,BGD,17/06/2013,510,8,2.009
CHITTAGONG A,2196,22.247,91.825,36,BGD,29/01/2020,510,26,3.31
KHEPUPARA,1454,21.833,89.833,,BGD,17/10/2002,510,37,2.199
COX'S BAZAAR,1476,21.45,91.833,,BGD,17/06/2013,510,41,1.728
COLOMBO C,2194,6.935,79.858,33,LKA,7/3/2023,520,4,1.345
AKYAB,421,20.133,92.9,37,MMR,1/1/1980,530,1,1.055
SITTWE (AKYAB),2275,20.14,92.903,37,MMR,7/3/2023,530,3,3.275
RANGOON,210,16.767,96.167,,MMR,1/1/1980,530,11,3.081
MOULMEIN,747,16.483,97.617,141,MMR,1/1/1980,530,21,2.73
MOULMEIN II,2266,16.465,97.622,141,MMR,7/3/2023,530,22,2.544
AMHERST,746,16.083,97.567,,MMR,1/1/1980,530,31,3.28
PORT BLAIR,206,11.683,92.767,38,IND,31/08/2022,540,1,0.859833333
NANCOWERY,2222,8.05,93.55,,IND,17/10/2024,540,5,0.736363309
KO TAPHAO NOI,446,7.833,98.433,42,THA,8/7/2024,545,1,2.42725
PANWA CAPE,2230,7.801,98.406,,THA,2/7/2015,545,2,2.446
PULAU LANGKAWI,1676,6.431,99.764,,MYS,11/9/2019,550,2,2.289
PULAU PINANG,1595,5.422,100.347,,MYS,11/9/2019,550,3,2.764
LUMUT,1594,4.24,100.613,43,MYS,11/9/2019,550,5,2.285
PELABUHAN KELANG,1591,3.05,101.358,,MYS,11/9/2019,550,7,3.754
TANJUNG KELING,1593,2.215,102.153,,MYS,11/9/2019,550,9,2.943
KUKUP,1677,1.325,103.443,,MYS,11/9/2019,550,10,4.189
JOHOR BAHRU,248,1.462,103.792,,MYS,4/5/2017,550,11,2.858
TANJUNG SEDILI,1702,1.932,104.115,,MYS,11/9/2019,550,12,2.587
PULAU TIOMAN,1678,2.807,104.14,,MYS,11/9/2019,550,13,2.953
TANJUNG GELANG,1589,3.975,103.43,,MYS,11/9/2019,550,14,3.039
CENDERING,1592,5.265,103.187,293,MYS,11/9/2019,550,17,2.458
GETING,1703,6.226,102.107,,MYS,9/7/2019,550,21,2.465
VICTORIA DOCK,1183,1.267,103.85,44,SGP,26/05/1988,555,1,1.79
TANJONG PAGAR,1746,1.267,103.85,44,SGP,4/4/2024,555,2,1.747166667
KEPPEL HARBOUR,1534,1.267,103.817,44,SGP,9/6/1992,555,3,1.77
BUKOM,2032,1.226,103.778,,SGP,24/04/2023,555,10,1.691833333
RAFFLES LIGHT HOUSE,1351,1.167,103.75,,SGP,24/04/2023,555,11,1.737375
UBIN,2068,1.419,103.928,,SGP,24/04/2023,555,15,1.9605
TANJONG CHANGI,2033,1.39,103.999,,SGP,24/04/2023,555,20,1.851833333
SULTAN SHOAL,1248,1.233,103.65,,SGP,24/04/2023,555,21,1.80025
TANAH MERAH,2034,1.312,103.988,,SGP,24/04/2023,555,30,1.660166667
JURONG,1275,1.3,103.717,,SGP,15/08/2005,555,31,1.706
TUAS (WEST JURONG),1894,1.283,103.667,,SGP,21/01/2014,555,35,1.76
SEMBAWANG,724,1.467,103.833,,SGP,24/04/2023,555,51,1.942916667
WEST COAST,1895,1.3,103.767,,SGP,24/04/2023,555,81,1.802916667
WEST TUAS,1896,1.344,103.634,,SGP,24/04/2023,555,91,1.719833333
SABANG,2195,5.888,95.317,347,IDN,29/01/2020,560,10,1.1
SIBOLGA II,1752,1.75,98.767,,IDN,29/01/2020,560,22,1.774
PADANG B,2193,-0.997,100.375,45,IDN,29/01/2020,560,33,1.879
CILACAP B,2199,-7.752,109.017,291,IDN,29/01/2020,560,123,1.382
PRIGI,2197,-8.28,111.73,,IDN,29/01/2020,560,132,1.499
BENOA B,2200,-8.747,115.212,49,IDN,29/01/2020,560,136,1.028
SAUMLAKI,2274,-7.982,131.29,,IDN,29/01/2020,560,138,1.205
BITUNG II,1709,1.433,125.2,69,IDN,29/01/2020,580,12,1.497
KO MATTAPHON,1792,10.45,99.25,,THA,8/7/2024,600,11,2.57225
KO LAK,174,11.8,99.817,39,THA,8/7/2024,600,21,2.686666667
FORT PHRACHULA CHOMKLAO (POM PHRACHUN),444,13.55,100.583,,THA,8/7/2024,600,41,2.927666667
KO SICHANG,449,13.15,100.817,,THA,28/05/2003,600,51,2.746
VUNGTAU,1495,10.333,107.067,,VNM,17/11/2015,605,21,2.92
VUNG TAU II,2268,10.34,107.072,,VNM,29/01/2020,605,22,2.905
QUINHON,1449,13.767,109.25,75,VNM,17/11/2015,605,41,1.64
QUI NHON II,2267,13.775,109.255,75,VNM,29/01/2020,605,42,1.599
DANANG,1475,16.1,108.217,,VNM,17/11/2015,605,51,1.06
HONNGU,1003,18.8,105.767,,VNM,17/11/2015,605,61,1.64
HONDAU,841,20.667,106.8,,VNM,17/11/2015,605,81,1.94
MACAU,269,22.2,113.55,,MAC,6/9/1990,609,1,1.716
BEIHAI,1408,21.483,109.083,,CHN,17/01/2012,610,1,2.565
ZHAPO,933,21.583,111.817,78,CHN,28/03/2023,610,2,2.2125
NAN SHA,1730,9.55,112.88,,CHN,28/03/2023,610,3,3.345833333
XI SHA,1745,16.833,112.333,,CHN,28/03/2023,610,4,1.336666667
XIAMEN,727,24.45,118.067,247,CHN,5/11/2007,610,5,3.9
SHANWEI,1406,22.75,115.35,,CHN,17/01/2012,610,6,1.348
HAIKOU,1428,20.017,110.283,,CHN,17/01/2012,610,7,1.68
DONGFANG,1407,19.1,108.617,,CHN,17/01/2012,610,8,1.722
KANMEN,934,28.083,121.283,94,CHN,28/03/2023,610,16,4.021666667
LUSI,979,32.133,121.617,283,CHN,5/1/2022,610,32,0.4575
LIANYUNGANG,1405,34.75,119.45,,CHN,17/01/2012,610,33,2.806
SHIJIUSUO,1404,35.383,119.55,,CHN,17/01/2012,610,34,2.504
YANTAI,731,37.533,121.383,,CHN,21/07/1995,610,36,1.99
TANGGU,1403,39,117.717,,CHN,21/07/1995,610,37,2.48
QINHUANGDAO,614,39.9,119.6,,CHN,24/07/1995,610,39,0.66
DALIAN,723,38.867,121.683,79,CHN,28/03/2023,610,44,2.3175
LAOHUTAN,1513,38.867,121.683,79,CHN,20/04/1998,610,45,2.034
WAGLAN ISLAND,1698,22.183,114.303,,HKG,11/9/2024,611,7,1.605241935
"CHI MA WAN, LANTAU ISLAND",987,22.233,114,,HKG,13/05/1998,611,8,1.34
QUARRY BAY,1674,22.291,114.213,77,HKG,11/9/2024,611,10,1.4675
NORTH POINT,333,22.3,114.2,77,HKG,1/1/1980,611,11,1.24
TAI MIU WAN,1891,22.27,114.289,,HKG,11/9/2024,611,12,1.449166667
"TAI PO KAU, TOLO HARBOUR",1034,22.443,114.184,,HKG,11/9/2024,611,14,1.509166667
TSIM BEI TSUI,1366,22.487,114.014,,HKG,11/9/2024,611,17,1.531666667
LOK ON PAI,1685,22.367,114,,HKG,16/05/2000,611,19,1.35
SHEK PIK,1902,22.22,113.894,,HKG,11/9/2024,611,23,1.48
KEELUNG II,545,25.133,121.733,,TWN,28/04/1998,612,2,1.078
KAOHSIUNG II,1356,22.533,120.317,,TWN,28/04/1998,612,12,0.557
YEONGJONG BRIDGE,2260,37.546,126.584,,KOR,11/6/2024,620,6,4.798833333
YEONGHEUNGDO,2259,37.239,126.429,,KOR,11/6/2024,620,7,4.375416667
GULEOBDO,2146,37.194,125.995,,KOR,2/9/2020,620,8,3.9085
GANGHWA BRIDGE,2252,37.732,126.522,,KOR,11/6/2024,620,9,3.3655
INCHEONSONGDO,2255,37.338,126.586,,KOR,11/6/2024,620,10,4.659416667
INCHEON,956,37.452,126.592,,KOR,11/6/2024,620,11,4.682916667
PYEONGTAEK,1908,36.967,126.823,,KOR,11/6/2024,620,12,4.911083333
ANSAN,1922,37.192,126.647,,KOR,11/6/2024,620,13,4.39475
ANHEUNG,1699,36.674,126.132,,KOR,11/6/2024,620,14,3.631
DAESAN,2039,37.008,126.353,,KOR,11/6/2024,620,15,4.186833333
TAEAN,2258,36.913,126.239,,KOR,11/6/2024,620,16,4.011333333
BORYEONG,1675,36.406,126.486,,KOR,11/6/2024,620,17,3.986
OCHEONGDO,2046,36.117,125.985,,KOR,12/6/2023,620,18,3.0825
JANGHANG,2042,36.007,126.688,,KOR,11/6/2024,620,19,3.854333333
KUNSAN,959,35.983,126.717,,KOR,25/01/2001,620,21,3.59
GUNSAN (OUTER PORT),1527,35.976,126.563,,KOR,11/6/2024,620,22,3.757916667
WIDO,1628,35.618,126.302,,KOR,11/6/2024,620,24,3.421666667
YEONGGWANG,1924,35.426,126.421,,KOR,11/6/2024,620,26,3.497583333
MOKPO,954,34.78,126.376,,KOR,11/6/2024,620,27,2.500166667
HEUKSANDO,1489,34.684,125.436,,KOR,11/6/2024,620,28,1.94125
MOSEULPO,1936,33.214,126.251,,KOR,11/6/2024,620,29,1.5275
SEONGSANPO,1937,33.475,126.928,,KOR,11/6/2024,620,30,1.416583333
GOHEUNG_BALPO,2041,34.481,127.343,,KOR,11/6/2024,620,31,1.932583333
SEOGWIPO,1627,33.24,126.562,,KOR,11/6/2024,620,32,1.697416667
JEJU,1066,33.528,126.543,,KOR,11/6/2024,620,33,1.674833333
WANDO,1568,34.315,126.76,,KOR,11/6/2024,620,34,2.114166667
GEOMUNDO,1546,34.028,127.309,,KOR,11/6/2024,620,35,1.8765
YEOSU,1155,34.747,127.766,,KOR,11/6/2024,620,36,1.8965
JINDO,2043,34.378,126.308,,KOR,11/6/2024,620,37,2.049916667
TONGYEONG,1446,34.828,128.435,,KOR,11/6/2024,620,38,1.520583333
CHUJADO,1588,33.962,126.3,,KOR,11/6/2024,620,39,1.800333333
GEOJEDO,2040,34.801,128.699,,KOR,11/6/2024,620,40,1.106083333
CHINHAE,970,35.15,128.65,,KOR,1/1/1980,620,41,1.047
MASAN,2044,35.21,128.589,,KOR,11/6/2024,620,42,1.01675
GADEOKDO,1445,35.025,128.811,,KOR,11/6/2024,620,43,1.10325
GWANGYANG,2253,34.904,127.755,,KOR,11/6/2024,620,44,2.12925
BUSAN,955,35.096,129.036,84,KOR,11/6/2024,620,46,0.770916667
BUSAN NEW PORT,2250,35.078,128.787,,KOR,11/6/2024,620,47,0.956916667
ULSAN,997,35.502,129.387,,KOR,11/6/2024,620,51,0.383416667
POHANG,1324,36.047,129.384,,KOR,11/6/2024,620,56,0.334083333
ULLEUNG,1490,37.491,130.914,,KOR,11/6/2024,620,59,0.310333333
HUPO,1923,36.678,129.453,,KOR,11/6/2024,620,60,0.216
MUKHO,1108,37.55,129.116,,KOR,11/6/2024,620,61,0.285583333
DONGHAE PORT,2251,37.495,129.144,,KOR,11/6/2024,620,62,0.21275
SOKCHO,1365,38.207,128.594,,KOR,11/6/2024,620,71,0.340833333
WONSAN,1007,39.167,127.45,307,PRK,3/9/1993,625,11,4.92
YUZHNO KURILSK,546,44.017,145.867,90,RUS,25/01/1996,630,1,1.57
NAGAEVO,827,59.55,150.717,92,RUS,19/09/2024,630,11,4.510583333
PETROPAVLOVSK-KAMCHATSKY,824,52.983,158.65,93,RUS,19/09/2024,630,21,1.705333333
MONBETU I,772,44.35,143.367,,JPN,1/1/1980,641,1,3.604
MONBETU II,1470,44.35,143.367,,JPN,20/02/2013,641,2,3.508
ABASHIRI,1104,44.019,144.286,327,JPN,4/3/2024,641,3,1.500833333
HANASAKI,139,43.283,145.583,,JPN,1/1/1980,641,11,1.751
HANASAKI II,1442,43.278,145.568,,JPN,5/3/2024,641,12,2.189
KUSHIRO,518,42.976,144.371,89,JPN,4/3/2024,641,21,1.898333333
URAKAWA I,869,42.167,142.767,,JPN,1/1/1980,641,26,0.954
URAKAWA II,1296,42.167,142.767,,JPN,26/11/2015,641,27,1.061
MURORAN,1194,42.35,140.95,,JPN,20/04/2009,641,29,1.651
HAKODATE I,813,41.782,140.725,88,JPN,4/3/2024,641,31,1.40625
HAKODATE II,671,41.767,140.717,88,JPN,6/12/1990,641,32,1.193
TAPPI,1587,41.243,140.381,,JPN,3/2/2023,641,33,1.0145
YOSIOKA,1596,41.45,140.25,,JPN,20/04/2009,641,34,1.586
ESASHI,1605,41.867,140.133,,JPN,24/08/1998,641,35,1.728
OSHORO I,159,43.217,140.867,,JPN,1/1/1980,641,41,-1.59
OSHORO II,1027,43.209,140.858,,JPN,4/3/2024,641,42,1.4055
WAKKANAI,1103,45.408,141.685,324,JPN,4/3/2024,641,61,1.824666667
HACHINOHE I,460,40.533,141.533,,JPN,1/1/1980,642,1,0.729
HACHINOHE II,1266,40.532,141.528,,JPN,22/02/2012,642,2,0.711
MIYAKO I,463,39.633,141.967,,JPN,1/1/1980,642,11,1.094
MIYAKO II,1149,39.643,141.975,,JPN,4/3/2024,642,12,1.252666667
KAMAISI II,1346,39.273,141.889,,JPN,3/2/2023,642,17,3.019833333
OFUNATO I,1140,39.067,141.717,87,JPN,1/1/1980,642,21,1.777
OFUNATO II,1364,39.02,141.753,87,JPN,4/3/2024,642,22,2.44
ONAGAWA,674,38.433,141.467,,JPN,1/1/1980,642,28,1.411
AYUKAWA,131,38.297,141.505,,JPN,4/3/2024,642,31,2.400583333
SOMA,1345,37.831,140.962,,JPN,4/3/2024,642,36,3.50025
ONAHAMA,635,36.938,140.892,,JPN,4/3/2024,642,41,1.576666667
CHOSHI-GYOKO,1544,35.744,140.858,,JPN,12/8/2020,642,50,1.675666667
CHOSHI I,879,35.733,140.867,,JPN,1/1/1980,642,51,1.011
KATSUURA,1191,35.129,140.249,,JPN,4/3/2024,642,55,2.944666667
MERA,359,34.919,139.825,86,JPN,4/3/2024,642,61,1.482916667
TUKIZI,673,35.667,139.767,,JPN,1/1/1980,642,63,1.944
TOKYO III,1545,35.649,139.77,,JPN,5/3/2024,642,69,1.937666667
TOKYO I,881,35.667,139.767,,JPN,1/1/1980,642,70,1.809
TOKYO II,1222,35.65,139.767,,JPN,12/9/1997,642,71,1.759
SIBAURA,952,35.633,139.75,,JPN,20/04/2009,642,72,1.722
YOKOSUKA,722,35.288,139.651,,JPN,3/2/2023,642,81,1.62375
ABURATSUBO,130,35.16,139.615,,JPN,4/3/2024,642,91,2.642583333
KAMINATO II (HATIZYO SIMA),1440,33.13,139.805,,JPN,3/2/2023,642,97,2.215666667
MIYAKE SIMA,1060,34.067,139.481,,JPN,3/2/2023,642,98,2.78875
KOZU SIMA,1061,34.209,139.132,,JPN,3/2/2023,642,99,2.21825
OKADA,1091,34.789,139.391,,JPN,4/3/2024,642,100,1.60625
ITO I,876,34.967,139.117,,JPN,1/1/1980,642,111,1.921
ITO II,1343,34.896,139.133,,JPN,4/3/2024,642,112,2.269583333
MINAMI IZU,1064,34.617,138.883,,JPN,21/04/2009,642,115,2.695
UCHIURA,407,35.017,138.89,,JPN,4/3/2024,642,118,1.705083333
TAGO,1437,34.807,138.764,,JPN,5/3/2024,642,119,2.73775
SHIMIZU-MINATO,808,35.012,138.518,,JPN,4/3/2024,642,121,1.861833333
YAIZU,1438,34.871,138.327,,JPN,5/3/2024,642,122,3.409666667
OMAEZAKI II,1263,34.608,138.222,,JPN,4/3/2024,642,124,2.099333333
MAISAKA,1089,34.682,137.609,,JPN,4/3/2024,642,126,2.5115
ONISAKI,1026,34.904,136.824,,JPN,4/3/2024,642,128,2.483916667
NAGOYA,860,35.083,136.883,,JPN,15/09/1997,642,131,2.101
NAGOYA II,1488,35.091,136.881,,JPN,5/3/2024,642,132,2.128
TOBA,627,34.467,136.85,,JPN,1/1/1980,642,134,3.014
OWASE,1146,34.076,136.207,,JPN,4/3/2024,642,136,1.60525
URAGAMI,1090,33.558,135.896,,JPN,4/3/2024,642,138,1.671833333
KUSHIMOTO,134,33.476,135.773,85,JPN,4/3/2024,642,141,1.948416667
SHIRAHAMA,1150,33.684,135.375,,JPN,4/3/2024,643,5,3.316916667
KAINAN,701,34.144,135.191,,JPN,4/3/2024,643,13,2.32375
WAKAYAMA,816,34.222,135.146,,JPN,4/3/2024,643,15,1.109083333
TAN-NOWA,817,34.339,135.178,,JPN,4/3/2024,643,17,2.015416667
OSAKA,1099,34.658,135.433,,JPN,4/3/2024,643,21,3.76925
KOBE,846,34.683,135.183,,JPN,21/02/1997,643,24,1.547
KOBE II,1790,34.682,135.19,,JPN,5/3/2024,643,25,1.926166667
SUMOTO,1098,34.341,134.907,,JPN,4/3/2024,643,26,2.087416667
UNO,812,34.489,133.949,,JPN,4/3/2024,643,31,1.988416667
KURE II,749,34.233,132.533,,JPN,1/1/1980,643,41,2.534
KURE III,1023,34.233,132.55,,JPN,1/1/1980,643,42,2.556
KURE IV,1209,34.241,132.55,,JPN,3/2/2023,643,43,2.843916667
HIROSIMA,1028,34.353,132.465,,JPN,3/2/2023,643,44,3.323583333
TOKUYAMA I,669,34.033,131.8,,JPN,1/1/1980,643,51,2.506
TOKUYAMA II,1210,34.041,131.803,,JPN,3/2/2023,643,52,2.78925
KOCHI II,1184,33.5,133.583,,JPN,1/1/1980,644,2,1.062
KURE I,1320,33.334,133.243,,JPN,4/3/2024,644,4,2.3185
KOCHI III,1567,33.499,133.569,,JPN,5/3/2024,644,5,1.102916667
TOSA SHIMIZU,815,32.779,132.959,,JPN,4/3/2024,644,11,1.82725
UWAJIMA I,461,33.233,132.55,,JPN,1/1/1980,644,21,2.274
UWAJIMA II,1212,33.227,132.551,,JPN,4/3/2024,644,22,2.238166667
MATSUYAMA I,880,33.867,132.7,,JPN,1/1/1980,644,31,2.277
MATSUYAMA II,1062,33.859,132.712,,JPN,4/3/2024,644,32,2.2995
TAKAMATSU,847,34.35,134.05,,JPN,1/7/1994,644,41,1.987
TAKAMATSU II,1789,34.351,134.057,,JPN,5/3/2024,644,42,2.097833333
KOMATSUSHIMA,809,34.009,134.588,,JPN,4/3/2024,644,51,2.105666667
MUROTOMISAKI,1390,33.266,134.164,,JPN,5/3/2024,644,61,3.26025
MOZI,912,33.95,130.967,,JPN,21/04/2009,645,4,2.791
OITA II,1293,33.266,131.687,,JPN,3/2/2023,645,9,3.282333333
HOSOJIMA,133,32.429,131.669,,JPN,4/3/2024,645,11,2.465166667
ABURATSU,814,31.577,131.409,82,JPN,4/3/2024,645,21,1.640583333
NISINOOMOTE,1096,30.735,130.992,,JPN,3/2/2023,645,31,2.4395
ODOMARI,1097,31.024,130.689,,JPN,3/2/2023,645,33,3.040916667
KAGOSHIMA I,868,31.6,130.567,,JPN,1/1/1980,645,40,1.905
MAKURAZAKI I,1142,31.267,130.3,,JPN,1/1/1980,645,42,2.774
AKUNE,1265,32.018,130.191,,JPN,4/3/2024,645,45,3.48075
MISUMI,810,32.623,130.451,,JPN,7/2/2013,645,51,4.238
OURA,1102,32.977,130.221,,JPN,4/3/2024,645,59,3.98575
KUCHINOTSU,1386,32.605,130.195,,JPN,5/3/2024,645,62,3.636666667
NAGASAKI,1100,32.735,129.866,83,JPN,4/3/2024,645,64,3.007166667
FUKUE,1101,32.696,128.849,,JPN,4/3/2024,645,66,2.751333333
SASEBO I,672,33.167,129.717,,JPN,1/1/1980,645,71,2.585
SASEBO II,1147,33.158,129.724,,JPN,3/2/2023,645,72,2.872416667
KARIYA,1318,33.473,129.849,,JPN,4/3/2024,645,75,2.729083333
IZUHARA,661,34.2,129.3,,JPN,4/5/1988,645,81,1.502
IZUHARA II,1586,34.198,129.292,,JPN,3/2/2023,645,82,1.863083333
HAKATA,1094,33.619,130.408,,JPN,3/2/2023,645,91,1.88825
NASE I,887,28.383,129.5,,JPN,1/1/1980,646,1,2.324
NASE II,1018,28.383,129.5,,JPN,1/1/1980,646,2,2.454
NASE III,1522,28.5,129.5,,JPN,3/2/2023,646,3,2.570833333
NAKANO SIMA,1105,29.842,129.848,,JPN,3/2/2023,646,11,2.308
OKINAWA,1388,26.179,127.824,,JPN,5/3/2024,646,21,2.24825
NAHA,1151,26.213,127.665,81,JPN,4/3/2024,646,24,2.653166667
ISHIGAKI,1411,24.333,124.167,,JPN,15/12/1989,646,41,1.907
ISHIGAKI II,1671,24.332,124.164,,JPN,5/3/2024,646,42,1.884333333
SHIMONOSEKI III,1830,33.925,130.928,,JPN,6/2/2014,647,10,1.949
SHIMONOSEKI I,845,33.967,130.95,,JPN,9/5/1995,647,11,2.533
SHIMONOSEKI II,783,33.967,130.95,,JPN,1/1/1980,647,12,1.811
HAGI,1306,34.433,131.417,,JPN,3/2/1993,647,15,1.596
SUSA,1791,34.628,131.604,,JPN,5/3/2024,647,18,1.726916667
TONOURA,94,34.9,132.067,326,JPN,4/5/1988,647,21,0.816
HAMADA II,1585,34.897,132.066,326,JPN,5/3/2024,647,23,1.221916667
SAKAI,811,35.548,133.243,,JPN,4/3/2024,647,41,1.4815
SAIGO,1095,36.201,133.331,,JPN,4/3/2024,647,43,1.220416667
TAJIRI,1148,35.594,134.316,,JPN,4/3/2024,647,47,2.327833333
MIYAZU,872,35.533,135.183,,JPN,1/1/1980,647,51,0.9
MAIZURU I,663,35.483,135.4,,JPN,1/1/1980,647,61,1.073
MAIZURU II,1387,35.477,135.387,,JPN,5/3/2024,647,62,1.632083333
MAIZURU III,1523,35.45,135.317,,JPN,21/04/2009,647,63,1.056
MIKUNI,1190,36.255,136.149,,JPN,4/3/2024,647,65,2.172666667
TOYAMA,1389,36.762,137.225,325,JPN,5/3/2024,647,68,1.412916667
WAJIMA,132,37.406,136.9,,JPN,4/3/2024,647,71,1.154333333
KASHIWAZAKI,753,37.357,138.508,,JPN,4/3/2024,647,81,1.505666667
OGI,1344,37.815,138.281,,JPN,4/3/2024,647,86,1.494833333
AWA SIMA,1093,38.468,139.255,,JPN,3/2/2023,647,90,1.167416667
NEZUGASEKI,752,38.563,139.546,,JPN,4/3/2024,647,91,1.247916667
OGA,1264,39.942,139.706,,JPN,4/3/2024,647,96,0.794666667
IWASAKI,121,40.583,139.917,,JPN,1/1/1980,647,101,1.732
OMINATO,679,41.25,141.15,,JPN,21/04/2009,647,111,1.586
ASAMUSHI,721,40.898,140.859,,JPN,4/3/2024,647,121,1.080333333
CHICHIJIMA,1391,27.083,142.183,103,JPN,5/3/2024,648,1,1.9955
"SAN FERNANDO, LA UNION",548,16.617,120.3,,PHL,27/06/1990,660,1,1.32
SAN JOSE,1711,12.333,121.083,,PHL,8/7/2024,660,2,1.781916667
PORT IRENE,1705,18.383,122.1,,PHL,8/7/2024,660,3,2.427884615
CATICLAN MALAY AKLAN,2172,11.95,121.933,,PHL,8/7/2024,660,4,1.360083333
"PULUPANDAN, NEGROS OCCIDENTAL",2151,10.517,122.8,,PHL,8/7/2024,660,5,1.338666667
CURRIMAO ILOCOS NORTE,2173,17.983,120.483,,PHL,8/7/2024,660,7,1.447416667
"BALANACAN, MARINDUQUE",2157,13.533,121.867,,PHL,8/7/2024,660,8,1.733666667
SUBIC ZAMBALES,2176,14.767,120.25,,PHL,14/10/2022,660,9,1.601083333
"MANILA, S. HARBOR",145,14.583,120.967,73,PHL,8/7/2024,660,11,3.03275
"LEGASPI, ALBAY",522,13.15,123.75,72,PHL,8/7/2024,660,21,1.93025
"VIRAC, CATANDUANES",2150,13.583,124.233,,PHL,8/7/2024,660,22,1.698333333
REAL QUEZON,2035,14.667,121.6,,PHL,8/7/2024,660,24,2.140583333
"TACLOBAN, LEYTE",664,11.25,125,,PHL,8/7/2024,660,71,1.636451175
CEBU,394,10.3,123.917,,PHL,8/7/2024,660,101,1.909833333
"BALINTANG, QUEZON, PALAWAN",2155,9.35,118.133,,PHL,8/7/2024,660,106,1.609166667
"PUERTO PRINCESA, PALAWAN",207,9.75,118.733,,PHL,8/7/2024,660,111,1.841625
"MATI, DAVAO ORIENTAL",2156,6.95,126.217,,PHL,8/7/2024,660,116,2.598583333
"DAVAO, DAVAO GULF",537,7.083,125.633,71,PHL,8/7/2024,660,121,1.9555
PAGADIAN CITY,2152,7.817,123.433,,PHL,8/7/2024,660,125,1.95375
"MAKAR, GENERAL SANTOS CITY",2153,6.1,125.15,,PHL,8/7/2024,660,128,1.572416667
ZAMBOANGA CITY,2175,6.917,122.067,,PHL,8/7/2024,660,133,1.372666667
"JOLO, SULU",260,6.067,121,70,PHL,30/03/1999,660,141,2.25
"MACABALAN PORT, CAGAYAN DE ORO",2154,8.5,124.667,,PHL,8/7/2024,660,145,2.515875
"TANDAG, SURIGAO DEL SUR",2158,9.083,126.2,,PHL,8/7/2024,660,148,2.014708333
MAMBAJAO CAMGUIN,2174,9.25,124.733,,PHL,8/7/2024,660,150,1.040458333
SURIGAO,1708,9.783,125.5,,PHL,8/7/2024,660,151,2.520875
MIRI,1819,4.401,113.974,,MYS,4/5/2017,663,1,2.187
BINTULU,1833,3.262,113.064,,MYS,11/9/2019,663,11,2.068
SEJINGKAT,1893,1.583,110.422,,MYS,25/07/2011,663,21,5.612
LABUAN 2,1879,5.273,115.25,,MYS,11/9/2019,665,2,3.052
KOTA KINABALU,1733,5.983,116.067,,MYS,11/9/2019,665,31,2.642
KUDAT,1876,6.879,116.844,,MYS,11/9/2019,665,38,2.754
SANDAKAN,1834,5.81,118.067,,MYS,11/9/2019,665,45,2.801
LAHAT DATU,1877,5.019,118.346,,MYS,11/9/2019,665,53,2.845
TAWAU,1734,4.233,117.883,,MYS,11/9/2019,665,61,2.717
LAE,1303,-6.75,147,,PNG,3/7/2013,670,2,1.359
ALOTAU,1607,-10.317,150.45,63,PNG,3/7/2013,670,6,0.928
PORT MORESBY,439,-9.483,147.133,,PNG,20/05/1996,670,11,3.219
PORT MORESBY II,1610,-9.483,147.133,,PNG,26/03/2013,670,12,1.796
RABAUL,1164,-4.2,152.183,65,PNG,8/12/1998,670,21,0.69
KAVIENG,1608,-2.583,150.8,,PNG,3/7/2013,670,31,0.838
MANUS ISLAND,1609,-2.017,147.267,,PNG,3/7/2013,670,41,1.057
LOMBRUM,1860,-2.042,147.374,331,PNG,5/2/2024,670,43,0.82825
WEWAK,1304,-3.55,143.633,,PNG,3/7/2013,670,51,1.265
MADANG,1254,-5.217,145.8,,PNG,3/7/2013,670,61,1.41
DARWIN,935,-12.472,130.846,62,AUS,1/2/2024,680,11,4.267333333
MILNER BAY (GROOTE EYLANDT),1160,-13.86,136.416,,AUS,27/02/2023,680,15,1.197666667
KARUMBA,835,-17.5,140.833,,AUS,1/2/2024,680,18,2.14025
WEIPA,1157,-12.667,141.867,,AUS,24/03/2022,680,21,1.852083333
BOOBY ISLAND,1268,-10.603,141.91,61,AUS,1/2/2024,680,25,2.524083333
TURTLE HEAD,1749,-10.522,142.212,,AUS,5/2/2024,680,28,1.786833333
PORT DOUGLAS 2,1471,-16.483,145.467,,AUS,19/05/2015,680,37,1.557
CAIRNS,953,-16.917,145.783,,AUS,1/2/2024,680,41,1.73875
MOURILYAN HARBOUR,1629,-17.583,146.083,,AUS,1/2/2024,680,43,1.823833333
LUCINDA,1630,-18.517,146.383,,AUS,1/2/2024,680,47,1.970916667
BOWEN II,2074,-20.017,148.25,,AUS,1/2/2024,680,50,1.84475
TOWNSVILLE I,637,-19.25,146.833,60,AUS,1/2/2024,680,51,2.034083333
CAPE FERGUSON,1492,-19.277,147.058,,AUS,1/2/2024,680,54,1.80725
SHUTE HARBOUR 2,1569,-20.283,148.783,,AUS,28/01/2020,680,58,2.149
MACKAY,564,-21.1,149.233,,AUS,1/2/2024,680,61,3.0855
ROSSLYN BAY,1760,-23.161,150.79,,AUS,1/2/2024,680,69,2.513
PORT ALMA,2072,-23.583,150.867,,AUS,1/2/2024,680,70,2.957
GLADSTONE,825,-23.854,151.314,,AUS,1/2/2024,680,71,2.413166667
"BUNDABERG, BURNETT HEADS",1154,-24.767,152.383,59,AUS,1/2/2024,680,73,1.83275
BRISBANE (WEST INNER BAR),822,-27.367,153.167,58,AUS,27/02/2023,680,78,1.342333333
BALLINA,319,-28.867,153.583,,AUS,1/1/1980,680,81,0.536
BRUNSWICK HEADS,2310,-28.537,153.552,,AUS,21/02/2024,680,82,0.11725
TWEED HEADS,2314,-28.169,153.55,,AUS,28/09/2016,680,85,0.882
TWEED ENTRANCE SOUTH,2319,-28.171,153.551,,AUS,21/02/2024,680,86,0.9475
NORFOLK ISLAND,821,-29.058,167.954,124,NFK,28/09/2016,680,91,1.134
EVANS HEAD,1229,-29.117,153.433,,AUS,1/1/1980,680,93,0.909
YAMBA,310,-29.43,153.362,,AUS,21/02/2024,680,101,0.987333333
COFF'S HARBOUR,799,-30.317,153.083,,AUS,11/3/1987,680,111,0.916
COFFS HARBOUR III,2311,-30.303,153.146,,AUS,21/02/2024,680,115,0.958333333
LORD HOWE ISLAND,818,-31.517,159.067,148,AUS,21/02/2024,680,121,1.132416667
PORT MACQUARIE,2313,-31.427,152.911,,AUS,21/02/2024,680,125,0.048416667
PORT STEPHENS (TOMAREE),2316,-32.715,152.182,,AUS,28/09/2016,680,128,0.975
SHOAL BAY,2320,-32.72,152.176,,AUS,21/02/2024,680,129,0.986166667
NEWCASTLE I,320,-32.917,151.8,,AUS,1/1/1980,680,131,1.042
NEWCASTLE II,1335,-32.917,151.8,,AUS,4/11/1987,680,132,1.071
NEWCASTLE III,267,-32.917,151.8,,AUS,12/4/1989,680,133,0.957
NEWCASTLE V,837,-32.924,151.789,,AUS,1/2/2024,680,135,1.04675
SYDNEY PORT JACKSON,2358,-33.826,151.259,,AUS,21/02/2024,680,138,1.01125
"SYDNEY, FORT DENISON 2",196,-33.855,151.226,57,AUS,1/2/2024,680,140,1.011166667
"SYDNEY, FORT DENISON",65,-33.85,151.233,57,AUS,10/5/2000,680,141,0.93
CAMP COVE,549,-33.833,151.283,,AUS,20/02/1990,680,151,0.95
PORT KEMBLA,831,-34.474,150.912,,AUS,27/02/2023,680,161,0.96275
JERVIS BAY II,2312,-35.122,150.708,,AUS,21/02/2024,680,164,1.175083333
ULLADULLA HARBOUR,2315,-35.358,150.477,,AUS,9/11/2021,680,165,0.063166667
EDEN,833,-37.074,149.908,,AUS,21/02/2024,680,171,0.876666667
STONY POINT,1033,-38.372,145.225,,AUS,1/2/2024,680,178,1.756083333
BURNIE,683,-41.05,145.915,,AUS,27/02/2023,680,193,1.971916667
LOW HEAD,2071,-41.064,146.795,,AUS,1/2/2024,680,194,2.01375
DEVONPORT,1118,-41.185,146.362,,AUS,24/03/2022,680,195,1.970666667
SPRING BAY,1216,-42.546,147.933,56,AUS,1/2/2024,680,199,1.186666667
HOBART,838,-42.877,147.341,,AUS,1/2/2024,680,201,0.959333333
LORNE,1836,-38.547,143.989,,AUS,1/2/2024,680,226,1.497916667
PORTLAND,1547,-38.343,141.613,55,AUS,1/2/2024,680,231,0.5895
PORT MACDONNELL I,871,-38,140.667,,AUS,1/1/1980,680,241,0.624
BEACHPORT,304,-37.5,140,,AUS,31/05/1989,680,251,3.563
KINGSTON,515,-36.833,139.85,,AUS,1/1/1980,680,271,0.751
VICTOR HARBOUR,1069,-35.562,138.635,,AUS,5/2/2024,680,275,0.693
BRIGHTON,677,-35.033,138.517,,AUS,1/1/1980,680,291,1.416
PORT STANVAC,1506,-35.109,138.467,,AUS,13/10/2011,680,298,1.122
PORT ADELAIDE (OUTER HARBOR),448,-34.78,138.481,,AUS,1/2/2024,680,311,1.36775
SECOND VALLEY,443,-35.517,138.167,,AUS,1/1/1980,680,321,0.768
PORT GILES,1550,-35.022,137.768,,AUS,1/2/2024,680,340,1.250833333
EDITHBURG,516,-35.083,137.75,,AUS,1/1/1980,680,341,1.116
AMERICAN RIVER,631,-35.8,137.767,,AUS,1/1/1980,680,361,0.898
STENHOUSE BAY,492,-35.25,137.767,,AUS,1/1/1980,680,371,0.638
PORT WALLAROO,383,-33.933,137.633,,AUS,1/1/1980,680,381,0.887
WALLAROO II,1420,-33.926,137.615,,AUS,1/2/2024,680,382,0.978333333
PORT PIRIE,216,-33.178,138.012,,AUS,1/2/2024,680,391,1.779416667
PORT AUGUSTA,574,-32.55,137.783,,AUS,11/3/1987,680,401,1.666
WHYALLA III,1367,-33.013,137.59,,AUS,1/2/2024,680,410,1.541833333
WHYALLA,493,-33.017,137.567,,AUS,1/1/1980,680,411,1.44
FRANKLIN HARBOR,402,-33.683,136.933,,AUS,1/1/1980,680,421,1.024
PORT LINCOLN,230,-34.716,135.87,,AUS,1/2/2024,680,431,0.918333333
THEVENARD,386,-32.149,133.641,308,AUS,1/2/2024,680,441,1.094548246
ESPERANCE,1114,-33.871,121.895,54,AUS,1/2/2024,680,446,0.81275
ALBANY,957,-35.034,117.893,,AUS,1/2/2024,680,451,0.73875
BUNBURY,834,-33.323,115.66,,AUS,1/2/2024,680,461,0.669166667
FREMANTLE,111,-32.056,115.739,53,AUS,27/02/2023,680,471,0.845625
HILLARYS,1761,-31.826,115.739,,AUS,1/2/2024,680,472,0.777416667
GERALDTON,1031,-28.776,114.602,,AUS,1/2/2024,680,474,0.657416667
CARNARVON,1115,-24.899,113.651,52,AUS,1/2/2024,680,479,1.082041667
EXMOUTH,1762,-21.955,114.141,,AUS,1/2/2024,680,482,1.532083333
ONSLOW,1631,-21.65,115.132,,AUS,1/2/2024,680,483,1.653583333
KING BAY,1549,-20.624,116.749,,AUS,16/03/2020,680,486,2.496
CAPE LAMBERT,1328,-20.588,117.186,,AUS,2/10/2018,680,491,3.24
PORT HEDLAND,189,-20.318,118.574,51,AUS,1/2/2024,680,494,3.99175
BROOME,1159,-18.001,122.219,40,AUS,1/2/2024,680,497,5.51325
WYNDHAM,1116,-15.453,128.101,,AUS,1/2/2024,680,507,4.617875
COCOS ISLAND (HOME IS.),983,-12.117,96.894,46,CCK,1/2/2024,680,521,0.93325
URANGAN II,2073,-25.3,152.917,,AUS,1/2/2024,680,600,2.1475
INCE POINT,1300,-10.508,142.31,,AUS,1/2/2024,680,601,1.80525
GOODS ISLAND,1368,-10.562,142.152,,AUS,1/2/2024,680,602,2.16
GOLD COAST SEAWAY 2,1704,-27.95,153.417,,AUS,1/2/2024,680,604,0.897583333
MOOLOOLABA 2,1493,-26.683,153.133,,AUS,1/2/2024,680,605,1.005583333
HAY POINT,1246,-21.283,149.3,,AUS,1/2/2024,680,606,3.446666667
AUCKLAND-WAITEMATA HARBOUR,217,-36.843,174.769,127,NZL,27/08/1999,690,1,1.863
AUCKLAND II,150,-36.843,174.769,127,NZL,9/6/2003,690,2,2.036
MOTURIKI ISLAND,978,-37.632,176.185,,NZL,23/11/2010,690,4,1.609
TAURANGA (SALISBURY WHARF),1590,-37.641,176.181,,NZL,10/7/2024,690,6,1.11975
GISBORNE,1613,-38.675,178.022,,NZL,18/09/2023,690,8,1.265666667
NAPIER,1750,-39.476,176.92,,NZL,10/7/2024,690,9,1.02275
WELLINGTON HARBOUR,221,-41.284,174.78,101,NZL,10/7/2024,690,11,1.144083333
WELLINGTON II,500,-41.284,174.78,101,NZL,4/3/2013,690,12,1.214
PORT LYTTELTON,247,-43.606,172.722,,NZL,23/10/2024,690,21,1.452666667
LYTTELTON II,259,-43.606,172.722,,NZL,17/01/2003,690,22,1.141
TIMARU HARBOUR,998,-44.394,171.256,,NZL,10/7/2024,690,26,1.4925
PORT CHALMERS,1643,-45.815,170.624,,NZL,10/7/2024,690,28,1.181333333
DUNEDIN,252,-45.879,170.513,,NZL,1/1/1980,690,31,1.021
BLUFF (SOUTHLAND HARBOUR),213,-46.598,168.345,129,NZL,18/09/2023,690,41,1.818
GREYMOUTH,993,-42.45,171.2,,NZL,1/1/1980,690,51,2.088
WESTPORT HARBOUR,1004,-41.746,171.595,,NZL,25/05/1995,690,61,1.933
NELSON,787,-41.261,173.273,,NZL,10/7/2024,690,71,2.424916667
WANGANUI,1621,-39.945,174.993,,NZL,19/05/1989,690,77,1.9
PORT TARANAKI,996,-39.056,174.034,,NZL,10/7/2024,690,81,2.003833333
WHANGAREI HARBOUR (MARSDEN POINT),1065,-35.757,174.35,,NZL,10/7/2024,690,105,1.655666667
CHATHAM ISLAND,1920,-43.946,-176.561,128,NZL,17/11/2010,690,401,1.883
SAIPAN,1474,15.233,145.75,118,MNP,29/01/2020,700,11,1.033
APRA HARBOR,540,13.438,144.653,149,GUM,26/01/2024,701,1,0.925583333
"PAGO BAY, GUAM",2130,13.428,144.797,,GUM,26/01/2024,701,10,7.823666667
"CHUUK, MOEN ISLAND",528,7.447,151.847,116,FSM,10/3/2000,710,1,1.123
YAP B,1251,9.517,138.133,119,FSM,7/3/2023,710,11,1.228
KAPINGAMARANGI,1473,1.1,154.783,117,FSM,29/01/2020,710,26,1.12
POHNPEI-B,1370,6.983,158.233,115,FSM,14/06/2018,710,31,0.726
POHNPEI C,1925,6.981,158.2,115,FSM,5/2/2024,710,32,0.844333333
MALAKAL-B,1252,7.333,134.467,120,PLW,28/01/2020,711,21,1.395
NAURU,1374,-0.533,166.9,114,NRU,14/02/1996,715,1,1.268
NAURU-B,1844,-0.529,166.91,114,NRU,5/2/2024,715,2,1.47875
ENEWETOK,665,11.367,162.35,,MHL,1/1/1980,720,1,1.237
KWAJALEIN,513,8.732,167.735,111,MHL,26/01/2024,720,11,1.546666667
MAJURO-B,1217,7.1,171.367,112,MHL,21/03/2001,720,16,1.194
MAJURO-C,1838,7.106,171.373,112,MHL,5/2/2024,720,17,1.132916667
WAKE ISLAND,595,19.29,166.617,105,MHL,23/01/2025,720,21,1.618083333
"TARAWA-A,BETIO",1381,1.367,172.933,113,KIR,29/08/1990,730,6,1.239
"TARAWA-B,BAIRIKI",1579,1.333,173.017,113,KIR,15/11/1990,730,7,1.571
"TARAWA-C,BETIO",1739,1.367,172.933,113,KIR,31/12/1998,730,8,1.48
BETIO,1804,1.365,172.933,113,KIR,5/2/2024,730,9,1.68325
FUNAFUTI,1452,-8.533,179.217,121,TUV,21/03/2001,732,11,1.287
FUNAFUTI B,1839,-8.502,179.195,121,TUV,5/2/2024,732,12,2.121166667
HONIARA II,1373,-9.433,159.95,66,SLB,7/11/1996,734,2,0.873
HONIARA-B,1861,-9.429,159.955,66,SLB,5/2/2024,734,4,0.751333333
NOUMEA-CHALEIX,852,-22.3,166.433,123,NCL,13/09/1991,740,1,1.01
HIENGHENE,2237,-20.692,164.943,,NCL,19/10/2022,740,10,0.956
NOUMEA-NUMBO,2134,-22.242,166.416,123,NCL,30/01/2024,740,21,1.046166667
MARE,2239,-21.548,167.877,,NCL,20/10/2022,740,22,0.97925
PORT VILA B,1841,-17.755,168.308,348,VUT,5/2/2024,741,2,0.884166667
SUVA-A,1327,-18.136,178.423,122,FJI,19/08/2010,742,12,11.607
SUVA-B,2356,-18.133,178.428,,FJI,5/2/2024,742,14,1.26625
LAUTOKA,1805,-17.605,177.438,,FJI,5/2/2024,742,21,1.306416667
LEAVA,2244,-14.296,-178.16,353,WLF,10/11/2020,743,1,1.23225
NUKU'ALOFA B,1842,-21.137,-175.181,125,TON,5/2/2024,744,2,1.128333333
PAGO PAGO,539,-14.28,-170.69,144,ASM,23/01/2025,745,1,1.4635
APIA B,1840,-13.827,-171.761,,WSM,5/2/2024,746,2,0.98175
KANTON ISLAND,575,-2.8,-171.717,145,KIR,1/1/1980,750,11,1.527
KANTON ISLAND-B,1329,-2.817,-171.717,145,KIR,28/01/2020,750,12,1.182
MIDWAY ISLAND,523,28.212,-177.36,106,UMI,23/01/2025,760,1,1.067166667
JOHNSTON ISLAND,598,16.738,-169.53,109,UMI,28/01/2020,760,11,0.884
FRENCH FRIGATE SHOALS,1372,23.867,-166.283,107,USA,14/10/2013,760,16,0.841
FRENCH FRIGATE SHOALS B,2192,23.868,-166.288,107,USA,29/01/2020,760,17,0.938
"PORT ALLEN, HANAPEPE BAY, KAUAI ISLAND",2129,21.903,-159.592,,USA,24/01/2012,760,19,1.324
"NAWILIWILI BAY, KAUAI ISLAND",756,21.953,-159.355,,USA,26/01/2024,760,21,1.050083333
HONOLULU,155,21.307,-157.867,108,USA,26/01/2024,760,31,1.556
BARBERS POINT,2347,21.32,-158.12,,USA,7/3/2023,760,35,3.483
MOKUOLOE ISLAND,823,21.432,-157.79,,USA,26/01/2024,760,41,1.360166667
"LANAI ISLAND, KAUMALAPAU",2273,20.78,-156.9,,USA,28/02/2018,760,43,1.893
"KAHULUI HARBOR, MAUI ISLAND",521,20.895,-156.477,,USA,26/01/2024,760,51,1.211833333
"KAWAIHAE, HAWAII ISLAND",2128,20.037,-155.83,,USA,26/01/2024,760,56,1.2175
"HILO, HAWAII ISLAND",300,19.73,-155.055,287,USA,26/01/2024,760,61,1.702083333
PALMYRA ISLAND B,2341,5.883,-162.088,,UMI,7/3/2023,770,2,0.859
FANNING-B,1361,3.9,-159.383,,KIR,18/05/1994,770,12,0.633
CHRISTMAS ISLAND,801,1.983,-157.467,146,KIR,1/1/1980,770,21,1.183
CHRISTMAS ISLAND II,1371,1.983,-157.483,146,KIR,28/01/2020,770,22,0.828
PENRHYN,1450,-9.017,-158.067,143,COK,28/01/2020,775,1,1.257
"PAPEETE-B, FARE UTE POINT, SOC.IS.",1397,-17.533,-149.573,140,PYF,20/10/2022,780,11,1.162
VAIRAO,2242,-17.806,-149.295,,PYF,20/10/2022,780,12,0.524583333
RAROTONGA B,1843,-21.205,-159.785,139,COK,5/2/2024,785,6,0.636333333
NUKU HIVA,1555,-8.933,-140.083,142,PYF,30/01/2024,805,11,1.7
RIKITEA,1253,-23.122,-134.967,138,PYF,28/01/2020,808,1,0.985
RANGIROA,2216,-14.946,-147.706,355,PYF,10/11/2020,808,2,0.487583333
TUBUAI,2217,-23.342,-149.476,356,PYF,10/11/2020,808,4,0.719
EASTER ISLAND-D,1462,-27.15,-109.45,137,CHL,11/9/1990,810,2,0.714
EASTER ISLAND-E,1272,-27.155,-109.473,137,CHL,7/4/2021,810,3,1.496833333
MASSACRE BAY,491,52.833,173.2,,USA,1/1/1980,820,1,1.835
ADAK SWEEPER COVE,487,51.863,-176.632,302,USA,23/01/2025,820,11,1.508166667
"ATKA, NAZAN BAY",2303,52.232,-174.173,,USA,23/01/2025,820,12,8.766833333
DUTCH HARBOR,390,53.9,-166.533,102,USA,1/1/1980,820,20,1.689
UNALASKA,757,53.88,-166.537,102,USA,23/01/2025,820,21,1.39
"PRUDHOE BAY, ALASKA",1857,70.4,-148.527,151,USA,23/01/2025,821,2,11.14233333
"NOME, ALASKA",1800,64.5,-165.43,74,USA,23/01/2025,821,3,1.45275
"KING COVE, DEER PASSAGE",2302,55.062,-162.327,,USA,23/01/2025,821,5,2.355916667
"SAND POINT, POPOF IS., AK",1634,55.337,-160.502,100,USA,10/1/2024,821,6,10.53533333
"VILLAGE COVE, ST. PAUL ISLAND",2304,57.125,-170.285,,USA,7/1/2025,821,7,0.996666667
"ST. PAUL'S HARBOR, KODIAK",1179,57.745,-152.482,,USA,6/7/1990,821,9,2.35
"ALITAK, LAZY BAY",2301,56.898,-154.247,,USA,23/01/2025,821,10,3.54075
"KODIAK ISLAND, WOMENS BAY",567,57.732,-152.512,,USA,23/01/2025,821,11,8.978
ANCHORAGE,1067,61.238,-149.89,,USA,23/01/2025,821,12,6.8035
"NIKISKI, ALASKA",1350,60.683,-151.397,,USA,23/01/2025,821,13,5.32425
SELDOVIA,1070,59.44,-151.72,,USA,7/1/2025,821,15,4.89825
SEWARD,266,60.12,-149.427,150,USA,7/1/2025,821,17,3.396
VALDEZ,1353,61.125,-146.362,,USA,23/01/2025,821,19,3.777833333
CORDOVA,566,60.558,-145.752,,USA,23/01/2025,821,20,3.937333333
"ELFIN COVE, PORT ALTHORP",2300,58.195,-136.347,,USA,23/01/2025,821,22,4.361416667
YAKUTAT,445,59.548,-139.733,,USA,23/01/2025,821,26,1.850166667
SITKA,426,57.052,-135.342,154,USA,23/01/2025,821,31,2.889
PORT ALEXANDER,2299,56.247,-134.647,,USA,23/01/2025,821,33,2.782916667
SKAGWAY,495,59.45,-135.327,,USA,23/01/2025,821,41,3.142
JUNEAU,405,58.298,-134.412,,USA,23/01/2025,821,44,3.454583333
KETCHIKAN,225,55.332,-131.625,,USA,23/01/2025,821,51,4.32775
PRINCE RUPERT,167,54.317,-130.333,155,CAN,8/7/2024,822,1,3.883333333
LANGARA POINT,840,54.25,-133.033,,CAN,5/7/2005,822,5,3.01
QUEEN CHARLOTTE CITY,829,53.25,-132.067,,CAN,7/2/2023,822,8,4.034166667
BELLA COOLA,1084,52.367,-126.783,,CAN,1/1/1980,822,13,2.886
BELLA BELLA,984,52.167,-128.133,,CAN,8/7/2024,822,16,2.843333333
PORT HARDY,1071,50.717,-127.483,,CAN,8/7/2024,822,20,2.859166667
ALERT BAY,554,50.583,-126.95,,CAN,1/1/1980,822,21,2.746
CAMPBELL RIVER,1323,50.017,-125.233,,CAN,8/7/2024,822,27,2.811666667
COMOX,630,49.667,-124.917,,CAN,1/1/1980,822,31,3.155
NANOOSE BAY,1825,49.267,-124.133,,CAN,4/6/1996,822,33,3.17
POINT ATKINSON,193,49.333,-123.25,,CAN,8/7/2024,822,51,3.118333333
VANCOUVER,175,49.283,-123.117,,CAN,8/7/2024,822,71,3.104166667
NEW WESTMINSTER,1245,49.2,-122.917,,CAN,8/7/2024,822,75,2.023333333
STEVESTON,1255,49.117,-123.183,,CAN,19/04/2000,822,83,2.625
TSAWWASSEN,1341,49,-123.133,,CAN,1/1/1980,822,85,2.93
FULFORD HARBOUR,688,48.767,-123.45,,CAN,4/6/1996,822,96,2.27
PATRICIA BAY,1152,48.65,-123.45,,CAN,8/7/2024,822,98,2.32
VICTORIA,166,48.417,-123.367,,CAN,8/7/2024,822,101,1.908333333
SOOKE,921,48.367,-123.733,,CAN,25/10/1993,822,104,1.992
PORT RENFREW,842,48.55,-124.417,,CAN,19/04/2000,822,106,2.207
BAMFIELD,1242,48.85,-125.133,,CAN,8/7/2024,822,108,1.995
PORT ALBERNI,527,49.233,-124.817,,CAN,19/04/2000,822,111,1.945
TOFINO,165,49.15,-125.917,156,CAN,8/7/2024,822,116,2.0675
WINTER HARBOUR,1799,50.517,-128.033,,CAN,8/7/2024,822,124,2.179166667
NEAH BAY,385,48.367,-124.612,,USA,7/1/2025,823,1,1.8585
LA PUSH,2298,47.913,-124.637,,USA,23/01/2025,823,2,2.973416667
"PORT ANGELES, WASHINGTON",2127,48.125,-123.44,,USA,23/01/2025,823,3,10.52333333
CHERRY POINT,1633,48.863,-122.757,,USA,23/01/2025,823,5,3.520583333
FRIDAY HARBOR (OCEAN. LABS.),384,48.547,-123.01,,USA,23/01/2025,823,6,2.58325
"TOKE POINT, WILLIPA BAY, WA",1354,46.707,-123.967,,USA,7/1/2025,823,9,2.829583333
SEATTLE,127,47.602,-122.338,,USA,7/1/2025,823,11,4.489916667
PORT TOWNSEND,1325,48.112,-122.757,,USA,23/01/2025,823,12,2.56575
ASTORIA (TONGUE POINT),265,46.207,-123.768,,USA,23/01/2025,823,13,2.045666667
GARIBALDI,1285,45.553,-123.918,,USA,22/05/1987,823,14,2.661
DEPOE BAY,1541,44.81,-124.057,,USA,27/11/1987,823,15,2.621
SOUTH BEACH,1196,44.625,-124.042,157,USA,23/01/2025,823,16,2.793
GARIBALDI II,2214,45.555,-123.918,,USA,23/01/2025,823,17,2.59425
CHARLESTON II,1269,43.345,-124.322,,USA,7/1/2025,823,19,2.381083333
PORT ORFORD,1640,42.738,-124.498,,USA,23/01/2025,823,20,8.195083333
CRESCENT CITY,378,41.745,-124.182,,USA,23/01/2025,823,21,2.196083333
"N. SPIT, HUMBOLDT BAY",1639,40.767,-124.217,,USA,23/01/2025,823,24,5.681666667
"ARENA COVE, CALIFORNIA",2125,38.913,-123.707,,USA,23/01/2025,823,26,9.799083333
POINT REYES,1394,37.995,-122.977,,USA,23/01/2025,823,30,2.192666667
SAN FRANCISCO,10,37.807,-122.465,158,USA,23/01/2025,823,31,2.805666667
ALAMEDA (NAVAL AIR STATION),437,37.772,-122.298,,USA,23/01/2025,823,32,2.081416667
"PORT CHICAGO, CALIFORNIA",2330,38.055,-122.04,,USA,23/01/2025,823,33,2.018083333
SAN MATEO,1663,37.583,-122.25,,USA,21/06/1990,823,34,5.745
"REDWOOD CITY, CALIFORNIA",2329,37.507,-122.212,,USA,23/01/2025,823,35,3.41825
MONTEREY,1352,36.605,-121.887,,USA,23/01/2025,823,36,1.9345
PORT SAN LUIS,508,35.177,-120.76,,USA,23/01/2025,823,42,2.18
RINCON ISLAND,1013,34.348,-119.442,,USA,16/07/1993,823,44,2.17
"SANTA BARBARA, CALIFORNIA",2126,34.408,-119.685,,USA,7/1/2025,823,48,1.85125
SANTA MONICA (MUNICIPAL PIER),377,34.008,-118.5,,USA,7/1/2025,823,49,1.641916667
LOS ANGELES,245,33.72,-118.272,,USA,7/1/2025,823,51,2.0725
ALAMITOS BAY ENTRANCE,717,33.75,-118.117,,USA,1/1/1980,823,56,1.536
NEWPORT BAY,766,33.603,-117.882,,USA,16/07/1993,823,57,1.86
SAN CLEMENTE ISLAND,883,33,-118.55,,USA,1/1/1980,823,61,1.582
LA JOLLA (SCRIPPS PIER),256,32.867,-117.257,159,USA,7/1/2025,823,71,2.186916667
SAN DIEGO (QUARANTINE STATION),158,32.713,-117.173,,USA,7/1/2025,823,81,2.123583333
ENSENADA,795,31.85,-116.633,,MEX,12/1/2012,830,1,1.87
BAHIA SAN QUINTIN,1457,30.483,-115.983,,MEX,29/12/1994,830,5,2.04
GUADALUPE ISLAND II,1413,28.883,-118.3,160,MEX,29/01/1992,830,12,2.197
ISLA DE CEDROS,1430,28.1,-115.183,,MEX,29/01/1992,830,14,1.541
CABO SAN LUCAS,1355,22.883,-109.9,161,MEX,31/07/2014,830,20,1.925
LA PAZ,695,24.167,-110.35,,MEX,14/05/2013,830,21,1.639
LORETO,1410,26.017,-111.367,,MEX,29/01/1992,830,23,1.614
BAHIA DE LOS ANGELES,1357,28.967,-113.55,,MEX,3/12/1997,830,25,2.756
GUAYMAS,693,27.917,-110.9,,MEX,14/05/2013,830,31,2.51
TOPOLOBAMPO,793,25.6,-109.05,,MEX,21/01/1992,830,41,1.727
MAZATLAN,712,23.2,-106.417,,MEX,14/02/1996,830,51,2.557
MANZANILLO,737,19.05,-104.333,163,MEX,23/01/1992,830,71,1.881
MANZANILLO 2,1818,19.067,-104.3,163,MEX,28/02/2018,830,72,3.986
ACAPULCO,686,16.833,-99.917,267,MEX,24/06/2015,830,81,1.495
PUERTO ANGEL,1015,15.5,-96.5,164,MEX,14/02/1996,830,86,1.459
SALINA CRUZ,689,16.167,-95.2,,MEX,14/05/2013,830,91,1.27
CHAMPERICO,1201,14.283,-91.917,,GTM,1/1/1980,832,6,2.149
SAN JOSE,973,13.917,-90.833,,GTM,1/1/1980,832,11,1.564
SAN JOSE II,777,13.917,-90.817,,GTM,3/12/1997,832,12,1.533
LA UNION,558,13.333,-87.817,,SLV,1/1/1980,833,1,3.008
ACAJUTLA,1011,13.567,-89.833,182,SLV,3/9/2015,833,11,2.167
ACAJUTLA 2,1302,13.583,-89.833,182,SLV,28/01/2020,833,12,1.599
PUNTARENAS,464,9.967,-84.833,,CRI,1/1/1980,836,1,2.685
QUEPOS,844,9.4,-84.167,167,CRI,14/10/2013,836,11,3.062
QUEPOS B,2189,9.425,-84.172,167,CRI,29/01/2020,836,21,1.082
PUERTO ARMUELLES,668,8.267,-82.867,,PAN,1/1/1980,840,1,2.448
PUERTO ARMUELLES B,1571,8.267,-82.867,,PAN,5/6/2014,840,2,3.542
BALBOA,163,8.967,-79.567,168,PAN,8/7/2021,840,11,3.97975
NAOS ISLAND,581,8.918,-79.55,,PAN,1/1/1980,840,21,4.051
NAOS ISLAND 2,1783,8.918,-79.533,,PAN,7/10/1998,840,22,3.983
BUENAVENTURA,456,3.9,-77.1,170,COL,4/11/2015,842,11,2.299
TUMACO,639,1.833,-78.733,171,COL,4/11/2015,842,21,1.631
LA LIBERTAD,555,-2.2,-80.917,172,ECU,1/1/1980,845,11,2.679
LA LIBERTAD II,544,-2.2,-80.917,172,ECU,18/04/2018,845,12,2.669
LA LIBERTAD III,2348,-2.2,-80.917,172,ECU,7/3/2023,845,14,2.523
SAN CRISTOBAL,927,-0.9,-89.617,,ECU,1/1/1980,845,21,1.948
SANTA CRUZ,1472,-0.75,-90.317,,ECU,7/3/2023,845,31,1.579
BALTRA-B,1645,-0.433,-90.283,169,ECU,29/01/2020,845,34,1.966
PUERTO BOLIVAR,1277,-3.267,-80,,ECU,16/06/1992,845,41,2.722
TALARA,475,-4.617,-81.283,,PER,1/1/1980,848,11,1.45
TALARA B,2186,-4.582,-81.282,,PER,7/3/2023,848,15,1.381
CHIMBOTE,771,-9.083,-78.633,,PER,1/1/1980,848,21,1.74
CALLAO 2,1274,-12.05,-77.15,173,PER,28/01/2020,848,32,1.025
SAN JUAN,923,-15.367,-75.2,,PER,1/1/1980,848,41,2.109
MATARANI,458,-17,-72.117,,PER,1/3/1990,848,51,1.73
MATARANI B,2188,-17.002,-72.108,,PER,29/01/2020,848,55,1.984
ARICA,618,-18.467,-70.333,,CHL,19/11/1992,850,1,1.61
IQUIQUE,1963,-20.217,-70.167,,CHL,8/4/2013,850,6,0.944
IQUIQUE II,2261,-20.204,-70.148,,CHL,7/5/2024,850,7,0.8705
ANTOFAGASTA,511,-23.65,-70.417,174,CHL,19/11/1992,850,11,0.69
ANTOFAGASTA 2,510,-23.653,-70.404,174,CHL,7/5/2024,850,12,0.667333333
SAN FELIX,1751,-26.292,-80.109,177,CHL,7/5/2024,850,16,1.726083333
CALDERA,619,-27.067,-70.833,,CHL,19/11/1992,850,21,1.24
VALPARAISO,499,-33.027,-71.626,175,CHL,7/5/2024,850,31,0.783666667
JUAN FERNANDEZ-C,1644,-33.636,-78.83,176,CHL,7/5/2024,850,39,0.80825
TALCAHUANO,571,-36.683,-73.1,,CHL,7/5/2024,850,41,0.988083333
CORRAL,1057,-39.867,-73.433,,CHL,1/1/1980,850,47,0.923
CORRAL II,2262,-39.878,-73.423,,CHL,7/5/2024,850,48,1.061208333
ANCUD,2264,-41.867,-73.832,,CHL,7/5/2024,850,53,2.076416667
MELINKA,2265,-43.898,-73.748,,CHL,7/5/2024,850,55,3.0985
PUNTA ARENAS,473,-53.167,-70.9,,CHL,19/07/1996,850,61,1.08
PUNTA ARENAS II,2263,-53.124,-70.86,,CHL,7/5/2024,850,62,1.85025
CALETA PERCY,994,-52.9,-70.267,,CHL,2/12/2015,850,71,1.203
PUERTO WILLIAMS,1122,-54.917,-67.617,,CHL,7/5/2024,850,81,1.622166667
DIEGO RAMIREZ,1785,-56.5,-68.717,,CHL,25/02/2004,850,91,1.02
USHUAIA I,874,-54.817,-68.217,181,ARG,4/1/2024,860,1,1.139833333
USHUAIA II,1271,-54.817,-68.217,181,ARG,12/11/2007,860,2,1.086
USHUAIA III,1850,-54.817,-68.217,181,ARG,2/3/2023,860,3,3.414
PUERTO DESEADO,185,-47.75,-65.917,190,ARG,8/2/2023,860,11,3.233083333
COMODORO RIVADAVIA,181,-45.867,-67.483,,ARG,1/1/1980,860,21,3.253
PUERTO MADRYN,501,-42.767,-65.033,191,ARG,1/2/2023,860,31,3.23475
PIRAMIDE,867,-42.583,-64.283,,ARG,1/1/1980,860,41,2.985
ROSALES,870,-38.933,-62.067,,ARG,1/1/1980,860,61,2.519
QUEQUEN,223,-38.583,-58.7,,ARG,5/4/1990,860,81,1.02
MAR DEL PLATA (PUERTO),857,-38.033,-57.533,192,ARG,1/1/1980,860,91,0.937
MAR DEL PLATA (CLUB),819,-38.033,-57.517,192,ARG,1/2/2023,860,101,0.97175
MAR DE AJO,1542,-36.7,-56.667,,ARG,2/3/1988,860,124,0.985
RIO SANTIAGO,897,-34.85,-57.9,,ARG,1/1/1980,860,141,1.091
BUENOS AIRES,157,-34.6,-58.367,,ARG,14/05/1991,860,151,0.93
PALERMO,832,-34.567,-58.4,,ARG,3/1/2024,860,161,0.90025
ISLA MARTIN GARCIA,864,-34.183,-58.25,,ARG,1/1/1980,860,171,0.764
STANLEY,1082,-51.69,-57.865,305,FLK,1/1/1980,863,1,1.049
STANLEY II,1796,-51.692,-57.821,305,FLK,13/05/2022,863,2,0.058
COLONIA,433,-34.483,-57.85,,URY,23/05/1996,870,1,1.13
MONTEVIDEO (PUNTA LOBOS),431,-34.9,-56.25,300,URY,20/02/2024,870,11,1.05075
PUNTA DEL ESTE,434,-34.967,-54.95,,URY,23/05/1996,870,21,0.87
LA PALOMA,764,-34.65,-54.15,,URY,20/02/2024,870,31,0.96475
IMBITUBA,542,-28.233,-48.65,351,BRA,1/1/1980,874,31,2.173
CANANEIA,726,-25.017,-47.933,194,BRA,18/07/2007,874,51,1.731
RIO DE JANEIRO,579,-22.933,-43.133,,BRA,1/1/1980,874,91,1.506
ILHA FISCAL,1032,-22.897,-43.167,195,BRA,11/8/2023,874,92,2.425833333
CANAVIEIRAS,699,-15.667,-38.967,,BRA,1/1/1980,874,106,1.472
SALVADOR,578,-12.967,-38.517,334,BRA,1/1/1980,874,111,1.311
RECIFE,556,-8.05,-34.867,,BRA,1/1/1980,874,121,1.417
FORTALEZA,559,-3.717,-38.483,336,BRA,1/1/1980,874,151,1.932
MADEIRA,1736,-2.567,-44.383,200,BRA,14/11/2017,874,155,3.276
SALINOPOLIS,589,-0.65,-47.383,,BRA,1/1/1980,874,158,3.414
BELEM,580,-1.45,-48.5,,BRA,1/1/1980,874,161,1.381
SANTANA,1975,-0.05,-51.167,,BRA,18/03/1987,874,171,3.24
ILET LA MERE,2243,4.894,-52.19,,GUF,7/8/2019,876,3,2.375
ILE ROYALE,2012,5.284,-52.587,202,GUF,30/01/2024,876,11,2.147416667
PORT OF SPAIN,415,10.65,-61.517,203,TTO,15/11/1999,890,1,0.865
"PRICKLEY BAY, GRENADA",2272,12.005,-61.765,,GRD,29/01/2020,893,1,0.576
BULLEN BAY,2346,12.187,-69.02,,CUW,7/3/2023,898,1,4.095
PUERTO DE HIERRO,782,10.617,-62.083,,VEN,1/1/1980,900,1,1.234
GUIRIA,1053,10.567,-62.283,,VEN,20/04/2001,900,6,1.341
SAN ANDRES ARCHIPELAGO,2116,12.583,-81.7,,COL,7/3/2023,902,1,2.462
RIOHACHA,714,11.55,-72.917,,COL,1/1/1980,902,11,1.655
CARTAGENA,572,10.4,-75.55,207,COL,20/04/1994,902,21,1.177
COCO SOLO,1530,9.367,-79.883,208,PAN,21/08/1997,904,6,0.71
CRISTOBAL,169,9.35,-79.917,208,PAN,16/01/2012,904,11,0.709
LIMON B,2191,9.988,-83.02,,CRI,7/3/2023,906,1,0.55
PUERTO LIMON,552,10,-83.033,,CRI,18/05/1994,906,11,1.049
PUERTO CASTILLA,779,16.017,-86.033,,HND,1/1/1980,908,11,0.433
PUERTO CORTES,557,15.833,-87.95,,HND,1/1/1980,908,31,1.369
FORT-DE-FRANCE II,1942,14.602,-61.063,338,MTQ,30/01/2024,912,21,0.721916667
ROSEAU,2344,15.313,-61.39,,DMA,7/3/2023,913,1,0.944
POINTE-A-PITRE,1784,16.224,-61.531,,GLP,30/01/2024,914,1,0.56775
SANTO TOMAS DE CASTILLA,1080,15.7,-88.617,,GTM,1/1/1980,916,1,0.527
PROGRESO,690,21.3,-89.667,213,MEX,24/06/2015,920,1,5.494
CIUDAD DEL CARMEN,796,18.633,-91.85,,MEX,24/01/1992,920,11,1.75
COATZACOALCOS,692,18.15,-94.417,,MEX,23/01/1992,920,21,2.132
ALVARADO,768,18.767,-95.767,,MEX,23/01/1992,920,31,1.223
TUXPAN,918,21,-97.333,,MEX,15/05/2013,920,51,1.316
CIUDAD MADERO,1020,22.25,-97.8,,MEX,9/10/1990,920,66,1.836
SIBONEY,1162,23.1,-82.467,215,CUB,5/8/2024,930,16,0.837916667
HABANA,2363,23.134,-82.338,,CUB,5/8/2024,930,22,0.759416667
MARIEL BOCA,2286,23.021,-82.756,,CUB,5/8/2024,930,23,0.8073125
GIBARA,563,21.108,-76.125,276,CUB,5/8/2024,930,31,1.091666667
PUERTO PADRE,2290,21.202,-76.6,,CUB,27/09/2023,930,32,0.815166667
NUEVITAS PUNTA PRACTICO,2288,21.591,-77.11,,CUB,20/09/2023,930,35,0.966083333
NUEVITAS BUFADERO,2339,21.56,-77.237,,CUB,27/09/2023,930,36,1.135083333
BARACOA,592,20.35,-74.5,,CUB,27/09/2023,930,41,1.583743064
GUANTANAMO BAY,418,19.907,-75.147,,CUB,17/07/2001,930,51,0.747
CASILDA II,2021,21.753,-79.992,,CUB,25/07/2018,930,65,1.165
SANTA CRUZ DEL SUR,2351,20.7,-76.023,,CUB,27/09/2023,930,66,1.132342105
CAYO LOCO,2289,22.151,-80.455,,CUB,5/8/2024,930,67,1.738166667
CABO DE SAN ANTONIO,1297,21.9,-84.9,214,CUB,20/09/2023,930,71,0.724666667
ISABELA DE SAGUA,1909,22.933,-80.017,,CUB,5/8/2024,930,81,0.733245283
SANTIAGO DE CUBA,2287,20.021,-75.837,,CUB,20/09/2023,930,85,1.607893939
CABO CRUZ,1910,19.833,-77.733,,CUB,5/8/2024,930,91,1.110166667
MANZANILLO,1934,20.333,-77.15,,CUB,5/10/2022,930,95,1.716402778
NORTH SOUND,1422,19.3,-81.317,,CYM,18/06/2007,931,1,0.333
SOUTH SOUND,1426,19.267,-81.383,,CYM,20/08/1997,931,11,0.019
PORT ROYAL,744,17.933,-76.85,210,JAM,1/1/1980,932,11,0.488
PORT AU PRINCE,583,18.567,-72.35,209,HTI,1/1/1980,934,11,1.085
PUNTA CANA B,2342,18.505,-68.375,,DOM,7/3/2023,936,5,0.577
BARAHONA,745,18.2,-71.083,,DOM,1/1/1980,936,11,0.802
PUERTO PLATA B,2343,19.798,-70.702,,DOM,7/3/2023,936,20,0.805
PUERTO PLATA,577,19.817,-70.7,,DOM,1/1/1980,936,21,1.082
CULEBRA,2120,18.302,-65.303,,PRI,12/2/2014,938,1,8.608
"ESPERANZA, VIEQUES",2209,18.093,-65.472,,PRI,23/01/2025,938,4,8.135916667
MAGUEYES ISLAND,759,17.97,-67.045,,PRI,7/1/2025,938,11,1.274916667
SAN JUAN,1001,18.458,-66.115,206,PRI,7/1/2025,938,21,1.329416667
AGUADILLA,2121,18.457,-67.163,,PRI,18/02/2013,938,31,7.27
MONA ISLAND,2122,18.09,-67.938,,PRI,23/01/2025,938,41,8.931833333
CHARLOTTE AMALIE,1393,18.335,-64.92,,VIR,23/01/2025,939,1,1.779
"LIME TREE BAY, ST CROIX",1447,17.693,-64.753,,VIR,23/01/2025,939,11,10.58075
CHRISTIANSTED HARBOUR,2118,17.75,-64.705,,VIR,23/01/2025,939,15,8.450916667
LAMESHUR BAY,2119,18.317,-64.723,,VIR,23/01/2025,939,21,9.016916667
PORT ISABEL,497,26.06,-97.215,,USA,23/01/2025,940,1,1.64825
PORT MANSFIELD,1038,26.553,-97.422,,USA,26/01/2024,940,2,0.966666667
PADRE ISLAND,919,26.068,-97.152,,USA,16/07/1993,940,3,0.87
"PORT ARANSAS, H. CALDWELL PIER",922,27.827,-97.05,,USA,3/6/1987,940,4,1.673
ROCKPORT,538,28.022,-97.047,,USA,23/01/2025,940,5,2.199083333
FREEPORT,725,28.948,-95.308,,USA,27/05/2009,940,6,1.456
"GALVESTON I, PLEASURE PIER, TX",828,29.285,-94.788,217,USA,7/3/2012,940,7,1.466
"GALVESTON II, PIER 21, TX",161,29.31,-94.793,217,USA,7/1/2025,940,8,1.829083333
SABINE PASS,920,29.705,-93.853,,USA,4/11/1988,940,9,1.725
SABINE PASS NORTH,1835,29.728,-93.87,,USA,2/2/2021,940,10,1.564125
EUGENE ISLAND,440,29.372,-91.385,,USA,26/10/1990,940,11,1.036
"USCG FREEPORT, TEXAS",2297,28.943,-95.302,,USA,2/2/2021,940,12,8.86175
"CORPUS CHRISTI, GULF MEXICO, TX",1903,27.583,-97.217,,USA,10/2/2022,940,15,6.8565
GRAND ISLE,526,29.263,-89.957,,USA,23/01/2025,940,21,2.192916667
"NEW CANAL STATION, LOUISIANA",2328,30.027,-90.113,,USA,23/01/2025,940,28,1.60475
"SHELL BEACH, LOUISIANA",2296,29.868,-89.673,,USA,23/01/2025,940,30,10.00658333
"WAVELAND, GULF OF MEX., MS",1884,30.282,-89.367,,USA,19/08/2013,940,32,8.807
SOUTH PASS,1511,28.99,-89.14,,USA,14/11/2017,940,34,1.343
BAY WAVELAND YACHT CLUB,1715,30.325,-89.325,,USA,1/10/1996,940,36,1.173
DAUPHIN ISLAND,1156,30.25,-88.075,,USA,7/1/2025,940,37,1.266583333
BAY WAVELAND YACHT CLUB II,2215,30.326,-89.326,,USA,7/1/2025,940,38,1.174916667
"MOBILE STATE DOCKS, ALABAMA",2327,30.705,-88.04,,USA,7/1/2025,940,39,0.913458333
PENSACOLA,246,30.403,-87.21,288,USA,23/01/2025,940,41,2.955083333
"PANAMA CITY, ST.ANDREWS BAY, FL",1641,30.152,-85.667,,USA,23/01/2025,940,42,1.373083333
APALACHICOLA,1193,29.727,-84.982,,USA,23/01/2025,940,43,1.741583333
TURKEY POINT,1714,29.915,-84.512,,USA,1/10/1996,940,45,0.847
ST. MARKS,1136,30.067,-84.183,,USA,1/1/1980,940,47,0.789
"SHELL POINT, WALKER CREEK",1670,30.06,-84.29,,USA,5/7/1990,940,49,0.683
CEDAR KEY I,199,29.133,-83.033,,USA,1/1/1980,940,51,1.35
CEDAR KEY II,428,29.135,-83.032,,USA,10/1/2024,940,52,1.325166667
CLEARWATER BEACH,1638,27.978,-82.832,,USA,23/01/2025,940,60,1.13675
ST. PETERSBURG,520,27.76,-82.627,,USA,23/01/2025,940,61,1.534916667
FORT MYERS,1106,26.647,-81.87,,USA,23/01/2025,940,65,1.660833333
NAPLES,1107,26.132,-81.807,,USA,10/1/2024,940,66,1.30775
KEY WEST,188,24.555,-81.807,216,USA,10/1/2024,940,71,1.806333333
VACA KEY,1701,24.712,-81.105,,USA,16/01/2024,940,89,1.074416667
MARATHON SHORES,1187,24.733,-81.033,,USA,1/1/1980,940,91,1.344
KEY COLONY BEACH,1424,24.718,-81.017,,USA,6/3/2000,940,92,1.254
SETTLEMENT POINT,1646,26.71,-78.997,211,BHS,10/7/2002,941,1,12.332
SETTLEMENT POINT A,1928,26.683,-78.983,211,BHS,29/01/2020,941,2,1.17
PAGET ISLAND,886,32.367,-64.667,,BMU,1/1/1980,950,1,0.942
ST. GEORGES / ESSO PIER (BERMUDA),368,32.373,-64.703,221,BMU,23/01/2025,950,11,1.551188889
MIAMI BEACH,363,25.768,-80.132,,USA,5/10/1987,960,1,1.076
HAULOVER PIER,1717,25.903,-80.12,,USA,24/11/1994,960,2,1.417
LAKE WORTH PIER,1696,26.612,-80.033,,USA,23/01/2025,960,4,9.739666667
PALM BEACH,1669,26.7,-80.05,,USA,5/7/1990,960,5,1.716
DAYTONA BEACH,270,29.233,-81,,USA,1/1/1980,960,6,1.698
DAYTONA BEACH SHORES,1182,29.147,-80.963,,USA,5/10/1987,960,7,1.301
"VIRGINIA KEY, FL",1858,25.73,-80.162,332,USA,23/01/2025,960,8,3.584916667
"MAYPORT (BAR PILOTS DOCK), FLORIDA",2326,30.398,-81.428,,USA,7/1/2025,960,10,3.641333333
MAYPORT,316,30.393,-81.432,,USA,1/6/2001,960,11,1.411
JACKSONVILLE,716,30.35,-81.617,,USA,1/1/1980,960,12,1.219
"TRIDENT PIER, PORT CANAVERAL",2123,28.415,-80.592,,USA,23/01/2025,960,15,6.188
FERNANDINA BEACH,112,30.672,-81.465,,USA,7/1/2025,960,21,1.646083333
FORT PULASKI,395,32.033,-80.902,289,USA,23/01/2025,960,31,2.398916667
BEAUFORT,1537,32.433,-80.667,,USA,4/11/1988,960,36,2.401
CHARLESTON I,234,32.782,-79.925,,USA,10/1/2024,960,41,1.9135
GENERAL DYNAMICS PIER,1721,33.017,-79.917,,USA,16/07/1993,960,42,1.57
"SOUTH ISLAND PLANTATION, WINYAH BAY",1651,33.235,-79.203,,USA,1/10/1996,960,44,1.67
"BUCKSPORT, WACCAMAW R.",1720,33.647,-79.095,,USA,16/07/1993,960,48,1.93
SPRINGMAID PIER,1444,33.655,-78.918,,USA,23/01/2025,960,50,9.86675
MYRTLE BEACH,862,33.683,-78.885,,USA,1/1/1980,960,51,2.219
SOUTHPORT,1431,33.915,-78.018,,USA,22/06/1990,960,56,3.819
"CAPE HATTERAS, NORTH CAROLINA",2294,35.223,-75.635,,USA,26/04/2016,960,59,1.396
WILMINGTON,396,34.227,-77.953,,USA,23/01/2025,960,60,1.67775
"BEAUFORT, NORTH CAROLINA",2295,34.72,-76.67,,USA,23/01/2025,960,61,1.232
MOREHEAD CITY,719,34.717,-76.733,,USA,1/1/1980,960,62,1.454
DUCK PIER OUTSIDE,1636,36.183,-75.747,219,USA,23/01/2025,960,63,6.3395
VIRGINIA BEACH,945,36.85,-75.967,,USA,1/1/1980,960,64,1.652
PORTSMOUTH (NORFOLK NAVY YARD),399,36.822,-76.293,,USA,26/06/1990,960,65,2.472
"OREGON INLET MARINA, NORTH CAROLINA",2325,35.795,-75.548,,USA,23/01/2025,960,66,1.160041667
RICHMOND,462,37.567,-77.45,,USA,1/1/1980,960,68,1.445
CHESAPEAKE BAY BR. TUN.,1635,36.967,-76.113,,USA,14/02/2018,960,70,8.358
"SEWELLS POINT, HAMPTON ROADS",299,36.947,-76.33,,USA,23/01/2025,960,71,1.930166667
GLOUCESTER POINT,597,37.247,-76.5,,USA,26/01/2005,960,72,0.926
CAMBRIDGE II,1295,38.573,-76.068,,USA,7/1/2025,960,73,1.212833333
CAMBRIDGE,481,38.575,-76.072,,USA,1/1/1980,960,74,2.338
"LEWISETTA, VIRGINIA",2324,37.995,-76.465,,USA,23/01/2025,960,75,1.906166667
WASHINGTON DC,360,38.873,-77.022,,USA,23/01/2025,960,76,2.0155
"PINEY POINT, MARYLAND",971,38.133,-76.533,,USA,1/1/1980,960,77,1.006
SOLOMON'S ISLAND (BIOL. LAB.),412,38.317,-76.452,,USA,7/1/2025,960,78,1.54025
GINGERVILLE CREEK,1203,38.958,-76.555,,USA,1/1/1980,960,79,2.621
ANNAPOLIS (NAVAL ACADEMY),311,38.983,-76.48,,USA,7/1/2025,960,80,1.767416667
BALTIMORE,148,39.267,-76.578,,USA,7/1/2025,960,81,1.642166667
MATAPEAKE,1338,38.957,-76.355,,USA,2/10/1987,960,82,1.405
KIPTOPEKE BEACH,636,37.165,-75.988,,USA,23/01/2025,960,83,1.687333333
INDIAN RIVER INLET,1337,38.61,-75.07,,USA,2/10/1987,960,84,1.292
LEWES (BREAKWATER HARBOR),224,38.782,-75.12,,USA,7/1/2025,960,85,1.68775
OCEAN CITY INLET,2292,38.328,-75.092,,USA,23/01/2025,960,86,3.008833333
PHILADELPHIA (PIER 9N),135,39.933,-75.142,,USA,23/01/2025,960,87,2.367916667
TRENTON,1654,40.188,-74.755,,USA,16/07/1993,960,88,1.92
REEDY POINT,786,39.558,-75.573,,USA,7/1/2025,960,89,1.427083333
CAPE MAY,1153,38.968,-74.96,,USA,7/1/2025,960,90,1.691333333
ATLANTIC CITY,180,39.355,-74.418,220,USA,16/01/2024,960,91,2.337083333
WACHAPREAGUE,2293,37.607,-75.687,,USA,23/01/2025,960,92,1.563
"TOLCHESTER BEACH, MARYLAND",2323,39.213,-76.245,,USA,7/1/2025,960,93,1.446666667
SANDY HOOK,366,40.467,-74.008,,USA,7/1/2025,960,101,1.705333333
NEW YORK (THE BATTERY),12,40.7,-74.013,,USA,7/1/2025,960,121,1.91825
"BERGEN POINT, STATEN IS.",1637,40.637,-74.142,,USA,16/01/2024,960,132,2.26725
MONTAUK,519,41.048,-71.96,,USA,23/01/2025,960,135,1.697666667
PLUM ISLAND,875,41.167,-72.2,,USA,1/1/1980,960,136,1.649
PORT JEFFERSON,848,40.95,-73.077,,USA,16/07/1993,960,138,2.13
"KINGS POINT, NEW YORK",2322,40.81,-73.765,,USA,7/1/2025,960,140,5.233083333
WILLETS POINT,362,40.793,-73.782,,USA,1/6/2001,960,141,2.774
NEW ROCHELLE,856,40.893,-73.782,,USA,5/6/1987,960,143,1.576
BRIDGEPORT,1068,41.173,-73.182,,USA,23/01/2025,960,147,1.82775
NEW LONDON,429,41.36,-72.09,,USA,23/01/2025,960,151,1.665166667
PROVIDENCE (STATE PIER),430,41.807,-71.4,,USA,7/1/2025,960,158,1.867
NEWPORT,351,41.505,-71.327,290,USA,23/01/2025,960,161,1.221416667
BUZZARDS BAY,776,41.742,-70.617,,USA,1/1/1980,960,163,0.561
WOODS HOLE (OCEAN. INST.),367,41.523,-70.672,,USA,23/01/2025,960,165,1.230416667
NANTUCKET ISLAND,1111,41.285,-70.097,,USA,23/01/2025,960,166,1.58775
"SANDWICH MARINA, CAPE COD CANAL ENTRANCE",775,41.767,-70.5,,USA,1/1/1980,960,168,1.57
BOSTON,235,42.353,-71.053,,USA,10/1/2024,960,171,2.783416667
SEAVEY ISLAND,288,43.08,-70.742,,USA,26/10/1990,960,177,2.048
"FORT POINT, NEWCASTLE ISLAND",2291,43.072,-70.712,,USA,5/2/2020,960,178,2.394452381
"FORT POINT, NEW HAMPSHIRE",2321,43.072,-70.71,,USA,22/08/2018,960,179,2.331
PORTLAND (MAINE),183,43.657,-70.247,,USA,23/01/2025,960,181,4.1945
ROCKLAND,1279,44.105,-69.102,,USA,22/06/1990,960,186,2.768
"BAR HARBOR, FRENCHMAN BAY, ME",525,44.392,-68.205,,USA,23/01/2025,960,191,2.87725
CUTLER II,1524,44.642,-67.297,,USA,23/06/2011,960,196,9.041
CUTLER,1081,44.65,-67.217,,USA,1/1/1980,960,197,3.594
EASTPORT,332,44.903,-66.982,,USA,23/01/2025,960,201,4.517
"SAINT JOHN, N.B.",195,45.267,-66.067,,CAN,8/7/2024,970,1,4.5225
DIGBY,1230,44.633,-65.75,,CAN,1/1/1980,970,5,4.557
YARMOUTH,1158,43.833,-66.133,,CAN,8/7/2024,970,7,2.670833333
BOUTILIER POINT,1259,44.667,-63.967,,CAN,7/6/1989,970,9,1.08
HALIFAX,96,44.667,-63.583,222,CAN,29/06/2017,970,11,1.02
BEDFORD INSTITUTE,2352,44.683,-63.617,,CAN,8/7/2024,970,12,1.135
POINT TUPPER,1332,45.6,-61.367,,CAN,3/6/1996,970,14,0.9
NORTH SYDNEY,1299,46.217,-60.25,,CAN,8/7/2024,970,16,0.893333333
PICTOU,1121,45.683,-62.7,,CAN,1/6/1998,970,21,1.249
CAP AUX MEULES,2031,47.379,-61.857,,CAN,8/7/2024,970,30,0.968333333
CHARLOTTETOWN,427,46.233,-63.117,,CAN,8/7/2024,970,31,1.847916667
RUSTICO,1330,46.467,-63.283,,CAN,1/6/1998,970,33,0.554
GRINDSTONE,1143,47.383,-61.867,,CAN,1/1/1980,970,34,0.86
SHEDIAC BAY,1326,46.25,-64.533,,CAN,8/7/2024,970,35,1.205833333
POINTE-DU-CHENE,1309,46.25,-64.533,,CAN,7/6/1989,970,36,1.03
POINT SAPIN,1138,46.967,-64.833,,CAN,1/1/1980,970,38,0.759
LOWER ESCUMINAC,1349,47.083,-64.883,,CAN,8/7/2024,970,40,0.875
BELLEDUNE,2069,47.9,-65.85,,CAN,8/7/2024,970,42,1.406666667
DALHOUSIE,1358,48.067,-66.383,,CAN,3/6/1996,970,46,1.53
RIVIERE-AU-RENARD,1213,49,-64.383,,CAN,8/7/2024,970,54,1.068333333
STE-ANNE-DES-MONTS,1199,49.133,-66.483,,CAN,3/6/1996,970,57,1.57
POINTE-AU-PERE,138,48.517,-68.467,,CAN,25/10/1993,970,61,0.07
RIMOUSKI,1597,48.483,-68.517,,CAN,8/7/2024,970,62,2.2575
RIVIERE-DU-LOUP,1284,47.85,-69.567,,CAN,7/6/1989,970,64,0.01
ST-JEAN-PORT-JOLI,1223,47.217,-70.283,,CAN,1/1/1980,970,66,0.296
ST-FRANCOIS,999,47,-70.817,,CAN,8/7/2024,970,68,2.920833333
QUEBEC (LAUZON),173,46.833,-71.167,,CAN,7/5/2013,970,71,2.53
VIEUX QUEBEC,2353,46.811,-71.202,,CAN,8/7/2024,970,72,2.6575
DESCHAILLONS,201,46.567,-72.1,,CAN,8/7/2024,970,74,2.1775
PORT-SAINT-FRANCOIS,137,46.267,-72.617,,CAN,8/7/2024,970,76,1.162592593
BECANCOUR,1798,46.4,-72.383,,CAN,8/7/2024,970,77,1.403333333
TROIS-RIVIERES,126,46.333,-72.55,,CAN,8/7/2024,970,78,1.456666667
CHAMPLAIN,1005,46.433,-72.4,,CAN,4/6/1996,970,80,3.29
BATISCAN,144,46.5,-72.25,,CAN,8/7/2024,970,82,1.6275
GRONDINES,387,46.583,-72.033,,CAN,4/6/1996,970,85,2.54
PORTNEUF,951,46.683,-71.883,,CAN,8/7/2024,970,87,2.682083333
NEUVILLE,192,46.7,-71.567,,CAN,8/7/2024,970,89,2.594166667
ST-JOSEPH-DE-LA-RIVE,1244,47.45,-70.367,,CAN,8/7/2024,970,92,3.385
PORT-ALFRED,1392,48.333,-70.867,,CAN,8/7/2024,970,95,2.665
TADOUSSAC,1219,48.133,-69.717,,CAN,25/10/1993,970,96,-0.149
BAIE COMEAU,1218,49.233,-68.133,,CAN,25/10/1993,970,98,1.699
SEPT-ILES,1322,50.2,-66.4,,CAN,8/7/2024,970,99,1.510833333
HARRINGTON HBR,176,50.5,-59.483,,CAN,25/10/1993,970,101,1.063
SAVAGE COVE,1280,51.333,-56.7,,CAN,7/6/1989,970,103,0.62
LARK HARBOUR,1044,49.1,-58.367,,CAN,25/10/1993,970,106,1.028
PORT AUX BASQUES,392,47.567,-59.133,,CAN,8/7/2024,970,111,1.264166667
ST LAWRENCE,2354,46.917,-55.39,,CAN,8/7/2024,970,113,1.405
BONAVISTA,2135,48.651,-53.115,,CAN,8/7/2024,970,114,0.624166667
SAINT PIERRE ET MIQUELON,2246,46.779,-56.168,,SPM,30/01/2024,970,115,1.391666667
ARGENTIA,1321,47.3,-53.983,,CAN,8/7/2024,970,116,1.425
"ST. JOHN'S, NFLD.",393,47.567,-52.717,223,CAN,8/7/2024,970,121,0.875833333
WEST ST. MODESTE,1278,51.6,-56.7,,CAN,25/10/1993,970,132,1.235
NAIN,1029,56.55,-61.7,224,CAN,8/7/2024,970,134,1.408333333
QIKIQTARJUAQ,1935,67.867,-64.117,,CAN,8/7/2024,970,135,0.694166667
CHURCHILL,447,58.767,-94.183,,CAN,8/7/2024,970,141,2.5675
RESOLUTE,863,74.683,-94.883,,CAN,1/1/1980,970,151,0.858
LITTLE CORNWALLIS ISLAND,1822,75.383,-96.95,,CAN,4/6/1996,970,156,0.92
ALERT,1110,82.49,-62.32,333,CAN,8/7/2024,970,162,0.365
CAMBRIDGE BAY,1132,69.117,-105.067,,CAN,7/6/1989,970,191,0.34
ULUKHAKTOK (FORMERLY HOLMAN ),1930,70.736,-117.761,,CAN,8/7/2024,970,199,0.505833333
CAPE PARRY,1282,70.15,-124.667,,CAN,19/03/2013,970,201,0.19
TUKTOYAKTUK,1000,69.417,-132.967,,CAN,16/02/2024,970,211,0.62
BAHIA ESPERANZA,988,-63.3,-56.917,185,ATA,11/5/1999,999,1,1.878
ARGENTINE ISLANDS,913,-65.246,-64.257,188,ATA,4/6/2019,999,3,1.915
PUERTO SOBERANIA,1603,-62.483,-59.633,189,ATA,10/10/2022,999,5,1.818666667
ALMIRANTE BROWN,858,-64.9,-62.867,,ATA,1/1/1980,999,24,1.25
CASEY,1886,-66.267,110.517,278,ATA,14/11/2017,999,55,0.913
CAPE ROBERTS ANTARCTICA,1763,-77.034,163.191,,ATA,27/09/2010,999,70,6.14
SCOTT BASE,2029,-77.85,166.769,134,ATA,13/12/2017,999,80,1.956
ROTHERA,1931,-67.571,-68.13,342,ATA,11/6/2019,999,103,0.053
DIELETTE,2364,49.552,-1.861,,FRA,30/01/2024,xxx,xxx,5.532416667
SAINT QUAY PORTRIEUX,2365,48.648,-2.818,,FRA,1/11/2022,xxx,xxx,6.471916667
AUDIERNE,2366,48.022,-4.538,,FRA,1/11/2022,xxx,xxx,3.239291667
L'ILE ROUSSE,2367,42.64,8.935,,FRA,30/01/2024,xxx,xxx,0.498125
MAKEMO,2368,-16.627,-143.569,354,PYF,30/01/2024,xxx,xxx,0.620720238
HOWTH,2396,53.392,-6.068,,IRL,1/11/2022,xxx,xxx,-0.106111111
UNION HALL,2397,51.559,-9.133,,IRL,1/11/2022,xxx,xxx,-0.214444444
SANDNES,2398,58.868,5.747,,NOR,9/1/2025,xxx,xxx,-2.442
BRURAVIK,2400,60.492,6.894,,NOR,9/1/2025,xxx,xxx,-2.864416667
SIREVAG,2401,58.505,5.792,,NOR,9/1/2025,xxx,xxx,-5.209583333
LEIRVIK,2402,59.766,5.504,,NOR,9/1/2025,xxx,xxx,-7.790833333
HASTINGS PIER,2413,50.851,0.573,,GBR,16/07/2024,xxx,xxx,3.97225
BRIGHTON MARINA,2414,50.812,-0.101,,GBR,16/07/2024,xxx,xxx,3.647083333
EXMOUTH MARINA,2415,50.617,-3.424,,GBR,16/07/2024,xxx,xxx,2.137364583
WHITBY HARBOUR,2416,54.489,-0.615,,GBR,16/07/2024,xxx,xxx,3.3965
SCARBOROUGH,2417,54.282,-0.39,,GBR,16/07/2024,xxx,xxx,3.644166667
ALMERÍA,2435,36.832,-2.485,,ESP,28/01/2025,xxx,xxx,7.128916667
SANTA CRUZ DE TENERIFE 3,2436,28.477,-16.241,,ESP,13/12/2024,xxx,xxx,6.997088542
PUERTO DEL ROSARIO 1,2437,28.497,-13.859,,ESP,13/12/2024,xxx,xxx,7.081
PUERTO DEL ROSARIO 2,2438,28.498,-13.857,,ESP,13/12/2024,xxx,xxx,7.074786458
CARTAGENA 2,2439,37.597,-0.974,,ESP,12/12/2024,xxx,xxx,6.997833333